id,per.capita,white.per.capita,black.per.capita,native.american.per.capita,asian.per.capita,pacific.islander.per.capita,other.per.capita,two.races.per.capita,hisp.per.capita,non.hisp.per.capita
18001030100,24427,25178,N,-,N,-,11596,5851,14963,25448
18001030200,21927,22346,N,14020,N,-,14733,17631,14687,22623
18001030300,17764,17689,-,-,-,-,29545,17509,15127,18128
18001030400,22559,22675,N,-,-,-,N,N,N,22675
18001030500,13518,13519,-,-,N,-,-,-,N,13525
18001030600,17322,17360,N,-,34785,-,-,14415,N,17387
18001030700,18674,18764,N,-,-,-,-,-,4922,18935
18003000100,19414,19544,20020,N,N,-,N,N,N,19827
18003000300,22483,23862,24271,N,-,-,N,1811,19514,23678
18003000400,19973,20924,13889,-,-,-,N,N,8206,20961
18003000500,15840,19632,9115,-,6039,-,N,3842,10239,20779
18003000600,10573,11780,13785,8693,-,-,5893,1962,4701,11913
18003000701,16291,19479,17021,N,6001,-,9877,1712,7293,21134
18003000704,26117,24444,13871,-,19743,-,17497,166560,12382,26310
18003000800,19496,20016,21530,N,12060,-,N,6753,5840,20564
18003000900,15072,15897,5400,N,-,-,N,N,7264,16189
18003001000,16481,16766,-,-,-,-,8898,N,8898,16766
18003001100,26466,29264,8069,-,5622,-,-,10748,31850,29049
18003001200,14427,20753,5773,N,-,-,-,321,N,21142
18003001300,13855,19589,10457,-,N,-,N,4495,5295,20141
18003001600,12111,14585,9796,-,-,-,11875,N,12117,14657
18003001700,10494,11367,9749,-,-,-,11695,-,11135,11848
18003002000,15858,17073,12457,N,N,-,15142,13501,11852,18602
18003002100,12994,17301,7206,-,N,-,6940,N,6228,17953
18003002200,17668,21877,8707,N,-,-,8238,7128,7246,23733
18003002300,13586,11173,15985,N,13647,-,7995,N,6983,13005
18003002500,18833,20740,15046,-,N,-,12854,N,11176,21140
18003002600,18384,22611,16945,-,N,-,11480,9284,11544,23713
18003002800,10189,10871,10624,-,-,-,7366,N,8112,13747
18003002900,9987,6257,11746,N,-,-,10687,2355,10005,6189
18003003000,11642,15480,11134,N,-,N,7966,N,8831,19379
18003003100,11793,14479,9157,-,-,-,24947,N,12792,16648
18003003200,22788,25508,15554,-,13585,-,-,11962,24162,25730
18003003301,17725,18170,20704,N,13939,-,6400,N,23650,17612
18003003304,18131,20724,10943,N,13120,-,11785,4794,10114,21363
18003003400,22391,23141,24421,N,22129,-,N,N,9448,23628
18003003500,15891,18095,11424,N,7117,-,22378,4877,9272,18509
18003003600,15858,19106,13505,N,N,N,10793,21796,9287,20192
18003003700,17888,18656,N,-,-,-,N,6176,8292,19980
18003003800,18653,20296,7944,-,-,-,36775,14774,21882,20791
18003003901,22775,23426,19448,-,N,-,4824,N,11935,23497
18003003902,21046,20974,21510,-,-,-,N,20300,19715,21064
18003004000,14485,11608,14735,N,N,-,26194,36713,8290,16039
18003004101,22681,23229,13152,N,43687,-,N,-,16138,23351
18003004103,21567,22563,23571,29131,22653,-,21804,5454,7080,22610
18003004300,12305,11966,12796,N,3823,-,14107,11493,10931,13491
18003004400,9932,12705,9676,N,-,-,12394,30,11729,14129
18003010100,19655,19721,25719,-,-,-,N,4516,7305,19721
18003010201,32896,33465,N,-,-,-,-,1376,43211,33385
18003010202,24520,24579,N,10845,16607,-,4734,N,3800,24579
18003010304,35180,35591,34209,-,19796,-,-,N,23114,35684
18003010305,34418,34761,72745,N,15992,-,N,27439,13430,35694
18003010306,29070,29169,N,-,24496,-,-,N,40427,29041
18003010307,26280,27146,16141,-,19725,-,N,4091,19077,27374
18003010308,28705,28994,30513,-,11756,-,N,27702,29617,29085
18003010400,32834,33404,25433,-,N,-,N,-,-,33404
18003010500,26256,25993,-,35132,20085,-,-,-,-,25993
18003010601,26772,27125,19226,N,28795,-,-,14289,42196,26723
18003010602,21623,21917,14931,N,N,-,N,-,N,21917
18003010603,23488,26527,-,-,13538,-,4699,N,13481,26492
18003010604,16546,18196,-,-,-,-,8732,17870,8663,18537
18003010705,29265,30104,40453,-,5683,-,21095,2744,16202,30968
18003010706,24648,24553,34211,N,24283,-,20030,7884,16781,25050
18003010707,34526,35753,21682,-,43110,-,N,22173,9829,35917
18003010803,26909,27451,34747,N,N,-,3353,11082,2849,27451
18003010804,24946,25144,38075,-,36865,N,13424,7737,15216,25496
18003010807,25432,25216,20630,-,73817,-,882,N,5598,25352
18003010808,30286,30592,17933,-,23065,-,23644,53534,15859,30805
18003010809,25070,24905,29429,1093,233888,-,N,864,25365,24779
18003010811,23146,23873,31981,-,-,-,-,5679,15903,24056
18003010812,29171,29856,21166,-,51449,-,N,15324,9345,29842
18003010813,22062,22951,22188,-,35420,-,7821,10844,7780,24280
18003010815,29878,30119,48950,-,32623,-,20717,20347,12691,30200
18003010816,35616,37629,24638,N,N,-,-,N,-,37629
18003010817,27061,27822,15375,N,48863,-,12924,N,12059,28623
18003010819,27891,27062,14915,N,298483,-,N,7321,24308,27206
18003010821,21542,22476,19939,-,14933,-,N,N,35748,22060
18003010900,22696,23063,N,-,N,-,N,7409,7374,23063
18003011000,23851,24504,-,-,-,-,9469,-,9469,24504
18003011100,21894,21883,32718,N,N,-,N,-,14567,22132
18003011201,17483,18040,N,-,-,-,N,N,12945,17945
18003011202,17723,17543,11431,-,37634,-,-,N,N,17473
18003011204,22555,23556,8165,-,-,N,-,-,10825,24007
18003011205,24005,24461,N,-,-,-,18828,-,20815,24152
18003011302,15980,15084,19393,N,5356,-,11867,11009,17369,14913
18003011303,16203,20903,13943,N,11076,-,6609,6236,10027,24058
18003011304,18145,21011,15910,-,12315,-,N,4002,9109,22869
18003011501,25206,26857,3852,-,7721,-,N,11386,31817,26867
18003011502,27444,28166,N,-,13061,-,N,N,7439,29200
18003011603,41048,42210,21369,-,60591,-,N,8871,29204,42889
18003011604,31288,31542,39346,-,19091,-,N,16783,20401,32108
18003011605,38235,38659,34008,-,N,-,-,-,24179,39065
18003011606,41666,46006,12488,-,24840,-,-,-,17107,47127
18003011607,28096,28359,19890,-,25234,-,34621,N,24195,28723
18003011608,55736,54287,11037,-,75358,-,13587,19282,10656,55181
18003011609,49002,49453,-,-,58758,-,-,N,-,49453
18003011701,36447,36643,N,N,-,-,-,13316,N,36711
18003011702,22964,23997,15354,-,-,-,N,12465,9749,24189
18003011801,28287,28505,24778,-,-,-,-,N,14607,28833
18003011802,23668,24549,-,-,-,-,N,N,11802,24761
18003011900,20756,20809,-,-,-,-,N,29338,17542,20761
18003980001,9900,9900,-,-,-,-,-,-,-,9900
18003980002,20189,34266,-,N,-,-,-,-,-,34266
18005010100,18484,18115,21248,N,N,-,15818,14403,13786,18870
18005010200,26969,27284,20045,-,29117,-,515,N,1259,27488
18005010300,44984,46231,27019,N,43093,-,-,N,50156,46158
18005010400,25631,26316,34737,22390,15785,-,N,N,5739,27475
18005010500,29369,29304,48636,-,41646,-,-,14964,30396,29282
18005010600,25961,26231,36445,N,29142,-,N,9910,51918,25794
18005010700,16261,14807,16706,N,31397,-,51384,N,13615,14748
18005010800,15170,13652,N,N,23589,-,N,N,3185,15043
18005010900,48299,48036,96870,N,45151,-,-,N,155873,44371
18005011000,37449,37576,N,-,54983,-,-,N,N,37789
18005011100,20364,20459,N,-,-,-,18199,18110,14984,21273
18005011200,21402,21454,-,-,N,-,-,21540,-,21454
18005011300,29540,29704,N,N,N,-,N,N,N,29704
18005011400,26059,26431,N,-,-,-,22853,-,17104,28459
18005011500,22720,23672,20102,31507,26854,-,4493,4842,6981,23651
18007100100,21516,21692,-,N,-,-,-,6494,16198,21779
18007100200,24425,24483,-,N,-,-,-,N,20945,24516
18007100300,19425,20164,9785,-,-,-,12205,2547,9970,21284
18009975100,22983,23087,-,-,N,-,N,-,7539,23165
18009975200,21110,20718,-,-,-,-,-,32753,N,20786
18009975300,19836,20239,-,N,-,-,-,7472,13841,20329
18009975400,22881,22940,30923,-,-,-,-,-,12981,22955
18011810100,27423,28036,-,-,-,-,-,14174,-,28069
18011810200,28186,28066,-,-,-,-,N,N,20644,28096
18011810300,27120,27215,N,-,-,-,-,-,20711,27362
18011810400,18115,18665,N,-,-,-,4947,N,6016,18891
18011810500,23740,24238,-,-,6121,-,-,-,10135,24532
18011810601,39831,39594,-,N,31183,-,N,N,34287,40050
18011810603,48780,50376,18228,-,41022,-,30969,8954,23831,51145
18011810604,96417,99183,-,-,70433,-,N,-,21784,100374
18011810605,41870,42377,33226,-,37489,-,-,32868,33133,42499
18011810700,29075,29596,-,-,8965,-,29554,32,42233,29463
18013974600,23116,23117,-,N,N,-,-,-,12365,23423
18013974700,21921,22022,-,-,-,-,-,N,-,22022
18013974800,23646,23769,N,28664,-,-,-,13171,-,23769
18013974900,27483,28091,4072,-,N,-,10451,N,23206,27934
18015959300,23121,23386,-,-,-,-,-,7077,-,23386
18015959400,23093,23093,-,-,-,-,-,-,N,23122
18015959500,25976,26455,-,-,N,-,-,N,-,26455
18015959600,19784,20485,N,-,-,-,3687,N,1644,21887
18015959700,23631,23573,-,-,N,-,-,N,13184,23809
18015959800,23180,23513,N,N,-,-,6414,-,13464,23662
18015959900,24527,25101,-,-,-,-,-,11660,13031,25286
18017950900,25011,25311,13080,N,N,-,-,-,4628,26483
18017951000,26267,26587,-,-,-,-,N,N,9070,27821
18017951100,21181,21572,N,-,-,-,N,N,N,22083
18017951200,12868,14018,3371,-,-,-,8550,N,15410,13550
18017951300,14064,15102,8541,-,-,-,6606,N,11702,14853
18017951400,17434,18039,N,-,-,-,10636,-,12657,18981
18017951500,13311,16134,8457,4180,-,-,7916,N,7550,17849
18017951600,21097,22275,N,-,11412,-,9674,N,15535,22768
18017951700,25411,25467,N,N,-,-,-,3654,N,25742
18017951800,21518,22017,13744,N,N,-,14748,N,14379,22276
18017951900,26751,26719,-,-,N,-,49075,N,57017,26642
18019050100,24186,23477,16692,N,45216,-,-,-,-,23477
18019050200,15285,15996,14211,N,-,-,-,N,10454,16093
18019050303,18207,17984,25191,N,N,-,N,3569,13092,18164
18019050304,19633,20896,18561,-,-,-,-,5513,4587,21048
18019050305,24875,26890,18055,-,-,-,-,N,21288,27158
18019050306,19128,20841,13965,-,-,-,-,8852,N,20950
18019050401,18997,19399,16009,-,-,-,-,N,-,19399
18019050403,17356,17182,18175,N,N,-,4820,N,10967,17432
18019050404,21040,21880,9534,16892,-,-,N,8236,29287,21748
18019050501,26027,27322,14530,N,-,-,N,-,N,27322
18019050503,17817,19388,21495,-,-,-,7608,-,7166,22701
18019050504,18076,18064,18441,-,N,-,7992,-,6453,18638
18019050603,24374,25068,24975,N,N,-,10865,N,8593,25674
18019050604,27581,29177,24972,N,N,-,N,7925,19053,29430
18019050605,26968,27618,34761,N,N,-,N,N,10941,28076
18019050606,33672,34055,37210,-,28752,-,-,-,-,34055
18019050701,28517,28396,37067,N,43901,-,20897,15160,23316,28377
18019050703,20960,20967,30818,-,N,-,-,14024,8833,21405
18019050704,26613,27338,-,-,8949,-,N,9681,N,27358
18019050801,29215,29179,-,-,-,-,-,30490,N,29281
18019050803,28883,29002,-,-,-,-,-,N,30272,28983
18019050804,23201,23201,-,-,-,-,-,-,N,23361
18019050902,20850,21538,N,-,N,-,10603,7121,10984,21721
18019050903,23540,26486,25767,-,-,-,1290,N,1796,26486
18019050904,24652,23639,85170,-,-,-,30052,N,18093,23778
18019051000,22670,22806,-,-,-,-,N,21409,N,22806
18021040100,18472,18750,N,N,-,-,N,-,6885,18903
18021040200,17624,17770,-,-,-,-,-,N,N,17782
18021040300,21676,21802,-,17214,N,-,-,13839,N,21801
18021040400,25203,25331,-,N,-,-,-,N,16319,25458
18021040500,20579,20967,-,N,-,-,N,-,3717,20960
18021040600,22247,22322,N,-,-,N,N,16797,N,22322
18023950100,24341,24301,-,N,23907,-,N,N,16311,24439
18023950200,24801,24890,-,N,-,-,N,N,25629,24763
18023950300,24025,24483,N,N,-,-,21734,11658,12705,24514
18023950400,25121,25236,-,-,-,-,21167,N,22974,25219
18023950500,15987,16778,-,-,-,-,7730,N,7136,19894
18023950600,14856,15631,N,N,-,-,-,2571,7969,16762
18023950700,24147,25552,N,N,-,-,11202,-,10966,26229
18023950800,14163,15409,N,8095,-,-,9086,N,9745,16830
18025951900,16928,16868,N,N,-,-,N,N,N,16939
18025952000,18073,18050,-,-,-,-,-,22243,N,18273
18025952100,21317,22214,1335,14589,-,-,-,-,-,22214
18027954300,21210,21168,-,N,-,N,-,N,21667,21158
18027954400,22186,22460,-,N,N,-,N,-,N,22341
18027954500,15602,15620,-,-,N,-,-,-,N,15612
18027954600,25533,24520,N,-,N,-,-,61235,-,24520
18027954700,18545,18522,N,6256,-,46044,20391,N,12151,20788
18027954800,17702,18398,-,-,-,-,5251,-,8478,18794
18027954900,25580,26197,26735,-,27021,-,N,-,6136,26372
18029080101,27225,27395,-,-,-,-,-,N,-,27395
18029080103,32459,32706,N,-,N,-,N,6410,11059,33307
18029080104,29849,30480,-,-,N,-,N,-,17142,30603
18029080201,23782,23841,-,-,N,-,-,-,N,23749
18029080202,27838,28189,N,-,N,-,-,N,-,28189
18029080300,19787,19702,16974,-,-,-,-,37488,-,19702
18029080400,23965,24416,-,-,N,-,N,-,N,24790
18029080500,18954,18984,-,-,N,-,-,N,-,18984
18029080600,24384,24473,-,16996,-,-,N,5344,N,24473
18029080700,21574,21240,-,-,-,-,N,33834,N,21320
18031969000,26816,26081,411,-,55832,-,N,-,26346,26236
18031969100,23721,23619,-,-,42277,-,N,-,N,23619
18031969200,18698,18649,-,-,26206,-,-,-,N,18684
18031969300,18981,18950,-,-,N,-,-,-,N,19058
18031969400,26388,26414,-,N,-,-,N,-,N,26795
18031969500,19616,20164,N,-,-,-,-,2923,-,20164
18033020100,21421,21618,-,-,-,-,N,13866,13698,21670
18033020200,18563,18922,-,31293,-,-,N,6635,8525,18953
18033020300,17989,17958,-,-,-,-,-,18828,11096,18245
18033020400,25205,25225,15610,-,-,-,-,N,17860,25332
18033020500,20013,20151,N,25745,N,-,N,5078,5052,20761
18033020601,21713,21603,-,-,N,-,N,N,N,21676
18033020602,20241,20361,-,-,-,-,10164,22669,9440,20437
18033020700,26511,26518,-,N,N,-,-,10829,19617,26850
18033020800,24262,25068,17146,N,-,-,-,1834,16482,25086
18035000300,14541,10560,18167,-,-,-,-,5785,-,10560
18035000400,10913,11965,5686,-,-,-,22918,N,36500,12017
18035000500,14781,15754,-,N,N,-,N,3560,N,16026
18035000600,12460,13397,7302,N,N,-,-,14928,N,13234
18035000700,13359,12689,37013,N,14740,-,-,N,3910,12836
18035000800,20030,20277,17589,-,N,-,-,11141,3477,20924
18035000902,3062,3074,3829,-,2022,N,2081,3147,1379,3115
18035000903,17559,18289,7150,-,N,-,N,5219,N,18332
18035000904,30932,31821,20862,N,30365,-,N,12600,12997,32017
18035001000,15024,15196,9898,N,N,-,N,N,9594,15231
18035001100,14624,15205,21262,N,-,-,N,9491,N,15399
18035001200,12307,10151,13456,N,-,-,-,11150,-,10151
18035001300,17515,17830,15888,-,17153,-,31241,9129,17814,18021
18035001400,17524,17903,N,11635,-,-,-,14952,-,17903
18035001500,16904,16723,26893,-,-,-,-,-,22261,16567
18035001600,13120,14659,4912,N,N,-,-,2806,-,14659
18035001700,13263,13804,5728,N,N,-,-,N,-,13804
18035002000,16312,17114,11066,N,-,-,7456,N,7031,17110
18035002100,18448,21513,7091,N,N,-,2970,8582,N,21513
18035002200,23340,23236,N,-,N,-,-,-,N,23249
18035002301,24807,24596,N,7184,-,-,N,15648,N,24724
18035002302,22743,22831,N,-,-,-,-,26738,N,22936
18035002401,24049,24033,-,-,N,-,-,21630,12967,24061
18035002402,34179,34574,39658,-,29406,-,-,27921,14914,35206
18035002500,25840,25882,-,-,-,-,-,N,-,25882
18035002601,26397,26144,31908,-,37985,-,N,21021,33318,25967
18035002602,21981,22292,N,-,-,-,7567,-,2251,22525
18035002700,23731,23719,N,27634,-,-,-,-,N,24156
18035002800,13254,14713,8863,N,-,-,-,12372,N,14392
18035002900,26783,27842,20742,17687,8854,-,-,N,16703,27877
18037953200,27470,27501,N,-,-,-,-,-,48,28384
18037953300,26719,28892,4844,-,35476,-,10524,26607,16705,29629
18037953400,27054,27307,-,-,N,-,N,N,33153,26919
18037953500,29400,29400,-,-,-,-,-,-,-,29483
18037953600,21408,21408,-,-,-,-,-,-,N,21626
18037953700,24049,24068,-,-,-,-,-,N,23613,24070
18037953800,16916,17775,-,-,-,-,3054,-,8167,19370
18039000100,18856,20165,40711,-,N,-,12388,N,14843,19921
18039000200,16645,17315,20448,N,-,-,10237,7694,8294,20315
18039000301,23871,25912,N,N,6966,-,13872,N,16273,26158
18039000302,23044,24839,5670,-,3037,-,12148,5210,9110,26329
18039000400,27105,29620,N,N,10507,-,6744,10007,10368,31695
18039000501,18809,22170,15237,N,8184,-,8069,7956,8839,24495
18039000502,21563,22657,32004,-,19315,N,18397,N,14471,24565
18039000600,29368,30366,-,-,27187,-,16234,4081,13144,30588
18039000700,25021,25201,15162,-,121880,-,11155,13769,7311,26947
18039000801,24243,24154,N,-,-,-,-,-,15300,24361
18039000802,24073,25013,N,20919,N,14688,N,2645,12665,25080
18039000900,20870,21001,-,20360,-,-,20241,-,18156,21006
18039001000,23084,23534,N,N,-,-,N,-,N,23528
18039001100,20223,20445,-,N,N,-,21323,N,10192,20818
18039001200,19609,19769,11061,-,-,-,N,N,19745,19822
18039001300,26898,28102,11641,N,16704,-,16461,N,13813,28591
18039001400,23398,23636,31725,13107,16406,N,-,14545,15716,23852
18039001501,20359,22779,9994,3192,16397,-,15897,3868,13554,23046
18039001502,24483,24613,27234,N,N,-,N,N,7053,25568
18039001601,17305,17913,19121,N,N,-,12164,7623,8246,19404
18039001602,26765,28911,18499,-,N,-,22091,7529,14088,29743
18039001701,24100,24430,N,-,29326,-,-,-,2587,26199
18039001702,20226,21442,23940,-,N,-,6969,4594,12441,21477
18039001801,24468,25857,N,-,31939,-,N,-,N,25930
18039001802,35781,37752,25356,N,-,-,N,5596,16089,38769
18039001901,17844,20324,12911,N,N,-,11950,2001,9931,23377
18039001902,28631,31545,5484,-,34289,-,19827,N,16111,32784
18039002000,26657,27163,25392,68328,N,-,9241,N,8119,28033
18039002101,29366,30053,29376,-,-,-,N,-,11508,30342
18039002102,12967,14454,10332,N,N,-,8733,N,9210,16214
18039002200,15463,17516,14511,17882,16405,-,12587,N,11463,21585
18039002300,11331,12542,10780,21222,8181,-,15170,N,8878,15538
18039002400,17318,18688,6862,18985,-,-,10832,N,11303,18850
18039002600,11309,14060,8939,N,-,-,10203,10037,9924,15396
18039002700,11960,15436,9492,30613,-,-,5955,3369,10498,14873
18039002900,23409,24371,10293,-,-,-,9091,29485,9991,27049
18041954000,22968,23066,-,N,-,-,-,-,-,23066
18041954100,15360,15169,N,-,N,-,15493,1524,14450,15205
18041954200,25528,24604,8498,-,N,-,-,-,4330,25035
18041954300,17745,17815,14975,-,-,-,-,-,-,17815
18041954400,14079,14309,20615,-,-,-,-,7038,-,14309
18041954500,19447,19755,13441,-,N,-,10723,6941,10723,19755
18041954600,18727,18814,-,-,-,-,-,N,-,18814
18043070200,12717,14069,3105,-,-,-,N,N,4472,15444
18043070301,27178,27155,46122,-,-,-,N,18637,31607,26837
18043070302,20931,22265,20834,-,N,-,N,8487,N,22197
18043070400,19954,21623,14849,N,N,-,-,502,N,21939
18043070500,16045,16951,10506,-,-,-,N,6585,6640,16974
18043070600,29774,29101,-,-,-,-,69638,N,69638,29101
18043070700,15720,15966,17500,-,9167,-,-,3627,8750,15966
18043070801,11957,14731,6175,N,-,-,N,N,9087,15029
18043070802,22838,22796,36517,-,9632,-,-,N,12317,23416
18043070901,26829,27683,21305,-,-,-,-,10532,10567,28480
18043070902,16144,17825,-,-,-,-,-,N,10635,18236
18043071003,36008,33986,49747,33382,150216,-,-,N,16926,34107
18043071004,27585,27958,3385,-,N,-,-,N,N,27960
18043071005,33703,33284,N,-,46752,-,-,N,19289,33533
18043071006,22390,22646,21958,-,N,-,N,-,9330,23420
18043071007,29140,29487,24247,-,-,N,35200,18248,24178,29833
18043071101,26638,26290,-,-,-,-,108204,N,N,26243
18043071103,36516,36655,-,N,-,-,-,N,-,36655
18043071104,27373,27507,-,-,-,-,-,N,-,27507
18043071200,26869,26813,N,-,-,-,-,-,-,26813
18045957600,20387,20440,-,-,40939,-,-,N,-,20440
18045957700,21919,21487,-,-,-,-,-,N,-,21487
18045957800,22950,23197,-,-,N,-,-,15007,-,23197
18045957900,21063,21483,-,-,N,-,13155,2875,16689,21477
18045958000,18581,19226,-,N,12871,-,14669,-,9814,19231
18047960100,29270,29428,-,-,N,-,N,N,15657,29569
18047969600,24058,24009,-,-,N,-,-,N,N,23953
18047969700,18165,18199,-,N,-,-,-,-,-,18199
18047969800,22642,22613,-,-,-,-,-,N,N,22703
18047969900,18061,18775,-,-,-,-,-,5594,-,18775
18049953000,24977,25028,-,-,N,-,-,N,N,24764
18049953100,17159,17334,-,N,10405,-,3939,20949,19349,17029
18049953200,19861,20088,26339,-,-,-,N,-,7610,20237
18049953300,20237,20648,N,N,-,-,-,15043,-,20648
18049953400,30018,30341,26168,-,-,-,N,-,17264,30645
18049953500,19494,20393,-,-,-,-,10917,6311,11050,20608
18051050100,21000,21300,N,N,N,-,-,20823,N,21423
18051050200,25500,25811,20657,-,-,-,-,-,15684,25835
18051050300,18658,18759,-,-,N,-,N,16478,22845,18770
18051050401,24248,25337,5645,-,-,-,-,17009,-,25337
18051050402,29176,29416,44867,N,-,-,-,N,-,29416
18051050501,17579,18179,N,-,N,-,N,N,N,18179
18051050502,19712,21147,6688,-,N,-,11142,-,9909,21663
18053000100,17545,16948,17338,23534,N,-,18005,N,15106,17126
18053000200,11639,15098,8585,-,N,-,8357,3874,7339,15525
18053000400,15985,14797,31475,5135,N,-,N,24963,14017,14889
18053000500,29270,31104,22843,-,31355,-,N,6366,N,31387
18053000600,15123,16620,14342,-,-,-,8071,1823,4621,17119
18053000700,15096,16558,10956,-,-,-,N,10923,10827,16594
18053000800,14437,14683,12783,N,N,-,N,-,27239,14337
18053000900,18344,19375,4999,-,N,-,-,14613,7474,19504
18053010100,31649,31588,-,-,43244,-,13886,28618,10175,32402
18053010200,23013,23051,28628,-,-,-,N,N,10402,23187
18053010300,20682,20546,N,-,-,-,N,17914,N,20546
18053010400,20792,20816,-,N,18254,-,-,16578,-,20816
18053010500,19156,18991,N,-,N,-,-,N,21320,18968
18053010600,21876,22427,25354,-,-,-,N,7567,4960,23541
18053010700,16036,16326,7612,-,N,-,N,N,9176,16469
18053010800,24745,24026,30096,N,-,-,-,53838,5818,24036
18055954701,21948,21276,-,-,-,-,N,N,N,21276
18055954702,24313,24524,-,-,-,-,N,14106,N,24524
18055954800,19022,18882,-,-,-,-,-,61508,-,18882
18055954900,19642,19886,-,10101,-,-,N,-,6524,19947
18055955000,15778,15937,-,-,-,-,1900,N,8212,15936
18055955100,20957,20988,-,N,-,-,-,-,-,20988
18055955200,19356,19734,N,-,-,-,-,N,-,19734
18055955300,19702,20163,-,-,N,-,N,3478,7908,20145
18055955400,24703,24704,-,-,-,-,-,N,N,25041
18057110100,25081,27302,11236,N,22496,-,24769,N,13428,27751
18057110201,25832,25959,N,43311,-,-,N,13689,13680,26244
18057110202,33972,33890,N,N,96866,-,11759,43602,17164,34740
18057110300,31230,31229,N,-,31583,-,N,28698,18551,31546
18057110401,23679,24275,N,-,-,-,N,-,10007,24729
18057110403,27908,28303,26614,-,28148,N,19023,26916,19256,28879
18057110404,44528,45081,38708,-,39257,-,N,N,51226,45081
18057110505,28757,28786,N,-,N,-,N,N,20554,29134
18057110506,35090,34098,28094,-,118930,-,-,-,27108,34167
18057110507,37428,38589,27253,-,23130,-,45523,10197,27538,38978
18057110508,31826,32010,46401,-,31348,-,15277,22935,24949,32325
18057110509,28436,28317,-,-,N,-,-,-,-,28317
18057110511,29897,31080,17949,-,13781,-,N,N,5509,31182
18057110512,40421,40844,23923,-,-,-,N,N,N,40667
18057110600,23787,24239,12587,N,N,-,-,N,18646,24450
18057110700,22877,23983,21284,3485,-,-,N,14557,N,23983
18057110804,51772,50955,84756,-,48301,-,N,25474,12503,51829
18057110805,47295,47638,61113,-,40898,-,N,N,34216,47682
18057110806,28358,28378,31397,-,33171,-,N,17747,7469,29194
18057110807,35752,40177,21696,-,24862,-,10064,N,20837,40900
18057110808,38088,40387,29545,N,35031,-,19466,11096,26576,40940
18057110809,35344,36592,45534,-,19661,-,31942,-,36010,36394
18057110810,36193,36748,30310,-,24573,-,-,N,N,36768
18057110811,38565,39245,32983,-,N,-,N,N,16243,40204
18057110812,33377,33362,N,N,48328,N,-,N,29939,33548
18057110903,52660,52194,51040,-,60005,-,32114,9823,39209,52480
18057110904,47538,51333,34890,N,28769,-,-,6557,171,52383
18057110905,27353,27584,N,-,N,-,-,N,17673,28519
18057110906,43460,43254,N,-,50224,-,98081,21635,44053,43727
18057110907,51560,51343,N,-,58495,-,-,-,67583,50862
18057110908,48813,50553,46164,N,47902,-,23375,N,18925,51531
18057111001,66218,65647,28633,-,70208,-,-,137488,391945,65745
18057111003,45868,46481,32063,-,64799,-,N,N,21744,46660
18057111004,47782,46374,114247,N,N,-,-,N,N,46350
18057111006,39052,40383,17423,N,26933,-,-,11873,19094,41549
18057111007,26684,27860,19944,N,7211,N,-,14599,N,27939
18057111008,34442,37291,36206,-,28522,-,13310,-,14463,37392
18057111101,46408,46744,29370,N,28334,-,-,N,N,45897
18057111102,50239,51762,58673,N,29236,N,N,N,26071,52033
18059410100,26476,26467,-,-,-,-,N,N,49310,26346
18059410200,26501,27495,21711,N,20392,-,14735,4109,17951,27746
18059410300,32141,32497,19543,N,N,-,-,N,30732,32525
18059410400,20761,21000,4337,N,N,-,N,N,20133,21000
18059410500,20192,20835,N,-,-,-,11814,2191,6652,20835
18059410600,23687,23246,N,N,N,-,N,14369,5830,23862
18059410700,28764,28734,N,-,N,-,16612,29398,24104,28668
18059410800,32118,32562,13413,-,N,-,N,10188,-,32562
18059410900,31988,33491,17448,-,N,-,N,N,26585,33554
18059411000,28018,27479,-,-,23075,-,N,97380,33355,27341
18061060100,22773,23140,-,N,-,-,-,3189,-,23140
18061060200,21452,21352,-,-,-,-,-,40776,N,21368
18061060300,22466,23039,N,-,-,-,6914,N,7651,23634
18061060400,23286,23787,56725,-,N,-,5702,3798,3951,23787
18061060500,26648,27047,-,-,15690,-,-,N,-,27047
18061060600,25004,25385,N,30276,-,-,N,5547,N,25385
18063210102,29619,30052,26142,44661,32279,-,21721,23084,12284,30513
18063210103,42037,42308,-,-,N,-,-,-,11922,42842
18063210104,33928,34479,33679,N,15929,-,-,23666,18605,34961
18063210201,25593,28046,4347,-,26699,-,6104,-,22665,27763
18063210202,27175,27392,23225,-,N,-,-,-,24185,27429
18063210300,27902,27663,N,-,14813,-,-,N,12253,27788
18063210400,27239,27416,N,-,12400,-,-,21233,18271,27580
18063210501,33426,33950,-,811,N,-,N,N,N,33950
18063210502,25407,25823,-,-,N,-,12200,N,N,25851
18063210603,35942,36086,55739,-,24506,-,N,20526,45653,36071
18063210604,25201,26572,15301,-,25218,-,15042,18475,16664,27089
18063210605,35156,35800,19036,-,32846,-,23523,30092,17353,36491
18063210606,26050,27919,16796,N,25091,-,15520,18744,14721,28339
18063210607,21493,22181,18771,N,N,-,14576,-,12683,23040
18063210608,29125,30313,N,-,-,-,-,41926,N,30420
18063210700,26896,29417,6804,N,N,-,19042,3603,13829,29790
18063210801,28518,28791,N,-,-,-,-,N,N,28718
18063210802,24675,25253,N,-,-,-,-,N,20863,25274
18063210900,25381,25239,-,-,N,-,N,-,12898,25436
18063211000,28572,29196,30842,N,5274,-,-,15374,21778,29256
18063211100,22600,22663,-,-,-,-,-,N,50453,22358
18065975500,15954,19441,1401,126,-,N,-,2086,-,19694
18065975600,21769,21676,-,-,N,-,13681,N,7642,22663
18065975700,23295,23264,-,N,-,-,-,N,7375,23488
18065975800,23544,23638,-,-,38968,-,-,N,N,23569
18065975900,24403,24305,N,-,N,-,-,-,-,24305
18065976000,17402,17360,N,N,N,-,N,15389,N,17360
18065976100,15789,15627,28992,-,-,-,-,N,N,15710
18065976300,16495,16186,N,-,-,-,-,N,-,16186
18065976400,21472,21409,N,-,-,-,-,N,13711,21497
18065976500,11425,12159,803,-,-,-,-,11412,N,12221
18065976600,15686,15765,N,-,-,N,N,-,N,15765
18065976700,21298,21201,N,-,-,-,-,16296,-,21201
18065976800,20071,20170,N,-,-,-,-,8528,9880,20182
18067000200,14572,14015,15667,N,-,-,N,N,8741,14889
18067000300,17184,18041,12030,-,-,-,N,8966,3765,18084
18067000400,14939,15604,10839,N,-,-,-,N,N,15663
18067000500,17601,18212,8154,-,-,-,17571,N,13773,18494
18067000600,19126,21625,8684,-,9753,N,7555,993,3125,21805
18067000700,22476,24770,11893,N,-,-,14129,2341,18087,24618
18067000800,26060,27505,20263,-,N,-,7245,N,8621,27489
18067000900,14530,15908,6183,-,-,N,6447,7169,12113,15992
18067001000,25965,27226,10416,-,-,-,-,N,11181,27387
18067001100,22140,25054,9815,N,-,-,7746,N,13271,24950
18067001200,12270,13135,4678,-,N,-,N,8071,12519,13295
18067001300,23949,25375,24338,-,16313,-,N,-,12205,26114
18067001400,25003,26703,13069,-,30105,-,N,N,12965,27327
18067001500,21900,20465,53777,N,-,-,-,51223,24756,20425
18067010100,28152,28285,51255,N,-,-,-,N,72,28773
18067010200,29283,28461,74272,N,14573,-,-,N,15551,28572
18067010300,34012,34897,36669,-,N,-,-,N,8169,35243
18067010400,30823,30847,N,N,-,-,N,N,71348,30597
18067010500,30141,30251,48662,-,26618,-,N,N,N,30282
18067010600,34086,34588,N,N,26984,-,N,N,24783,34749
18069961300,26693,26922,N,-,40094,N,-,6213,N,26838
18069961400,20205,20545,-,-,N,-,-,5893,N,20750
18069961500,15617,16058,-,-,N,-,N,2506,21602,16033
18069961600,18945,18855,-,-,-,-,N,28169,16138,18914
18069961700,24242,24436,-,N,-,-,-,N,21336,24446
18069961800,18533,18869,-,-,9391,-,-,10227,4126,19148
18069961900,21795,21674,-,-,44465,-,N,N,N,21875
18069962000,20394,20620,-,4621,N,-,26088,5615,12620,20993
18069962100,29222,29546,-,N,-,-,N,11134,19676,29683
18071967500,24504,24980,N,N,20166,-,N,-,463,25211
18071967600,20719,19265,N,-,99439,-,N,-,8780,19733
18071967700,24910,25063,N,-,-,-,7735,-,17535,25230
18071967800,18101,18771,-,N,-,-,-,N,14079,18982
18071967901,14343,14668,N,-,N,-,9834,11213,9881,15898
18071967902,21387,21493,11580,-,-,-,-,22039,19441,21688
18071968000,23358,23689,-,N,N,-,-,-,N,23873
18071968100,23887,23887,-,-,-,-,-,-,-,23887
18071968200,22896,22969,-,N,-,-,17308,18800,12513,23255
18071968300,16840,17131,-,-,-,-,N,1618,8540,17457
18073100400,18097,17887,-,-,-,-,N,-,11475,20289
18073100800,23664,24141,3472,4559,-,-,-,8937,14746,24237
18073100901,26045,26221,N,N,-,-,-,-,N,26221
18073100902,27037,27176,-,N,N,-,N,2708,16615,28000
18073101000,24169,24199,-,-,N,-,N,N,20905,24357
18073101100,23671,24179,N,N,N,-,-,9513,N,24194
18073101200,21136,21694,10315,N,22714,-,N,5251,7665,22950
18073101300,20886,21443,2902,27737,N,-,-,15724,35149,21163
18075962700,20792,20846,-,-,-,-,-,11261,3379,21187
18075962800,19247,19323,-,N,-,-,-,9191,N,19266
18075962900,21305,21310,N,-,-,-,-,-,-,21310
18075963000,14143,14518,-,-,-,-,-,7117,-,14518
18075963100,18372,19249,7936,-,-,-,N,8500,8221,19546
18075963200,20233,20452,-,-,6141,-,-,16400,N,20506
18075963300,17477,17555,-,-,-,-,N,-,N,18070
18077966000,28005,28077,18724,-,-,-,-,-,-,28077
18077966100,21010,21573,2824,5906,16815,-,17080,-,10256,21969
18077966200,20492,20667,N,-,-,-,N,N,3649,20710
18077966300,16615,17042,8828,-,6308,-,N,13885,8597,17106
18077966400,17002,17983,6509,-,18391,-,10264,3599,3821,17979
18077966500,23930,24167,19995,-,132120,-,N,N,N,24378
18077966600,28311,30169,-,-,N,-,-,N,-,30169
18079960200,17273,17398,-,-,-,-,-,N,10695,17444
18079960301,20182,20084,-,-,-,-,-,N,N,20265
18079960302,16198,16475,-,-,-,-,N,-,6643,17166
18079960400,20684,20869,N,21158,N,-,-,N,6628,21044
18079960500,17563,17758,N,-,-,-,-,N,-,17758
18079960600,19203,19305,N,-,-,-,-,12455,4098,19393
18081610100,25501,27109,7626,N,16447,-,13116,9647,17567,27436
18081610201,21978,22417,N,-,-,-,6067,N,5389,22933
18081610202,27602,27795,38231,N,28091,-,18537,17355,18972,28246
18081610300,27217,28196,-,N,-,-,4823,N,1372,28727
18081610401,29276,28953,15129,-,N,-,22802,-,15674,29771
18081610403,19981,20282,-,N,-,-,N,-,10316,20577
18081610404,31732,30690,-,-,97558,-,-,N,7668,31537
18081610500,23376,24053,N,N,8349,-,35283,15963,36016,24025
18081610603,33822,34595,-,-,21658,-,-,N,26357,34666
18081610604,35335,35951,N,-,22593,-,N,16658,26356,36042
18081610605,34931,29287,N,N,160564,-,-,N,N,28820
18081610606,31317,32013,-,-,1547,-,-,-,25739,32091
18081610701,43443,43488,55191,-,32021,-,95749,2135,66570,43281
18081610702,32008,33348,-,-,N,-,-,3943,16848,33424
18081610801,25038,25260,9382,N,31730,-,8953,N,5141,25535
18081610802,21260,21674,8295,-,21242,-,N,25961,17163,21767
18081610900,22899,22924,27603,N,N,-,-,14310,19428,23143
18081611000,16974,17168,1555,15602,-,-,N,N,16338,17192
18081611100,33332,33337,N,-,-,-,-,-,N,33374
18081611200,26675,27057,19577,-,-,-,N,-,22574,27097
18081611300,16732,16975,N,-,-,-,14203,N,12015,17246
18081611400,24926,26959,5294,14694,12024,-,28188,6748,15229,27109
18083955000,17478,18396,8232,-,-,-,N,N,N,18396
18083955100,20901,21437,-,-,N,-,10442,9086,13785,21403
18083955200,24518,24661,N,-,-,-,N,18171,N,23469
18083955300,8147,9498,2019,N,N,-,N,N,3523,9583
18083955400,15134,14264,9953,-,-,-,N,N,N,14885
18083955500,18369,18720,10708,-,-,-,N,-,21954,18654
18083955600,18367,18464,N,-,-,-,-,16395,1430,18804
18083955700,25321,26179,21558,-,8992,-,-,N,N,26172
18083955800,23392,23550,-,-,-,-,N,-,N,23550
18083955900,22891,23384,N,N,N,-,-,N,522,23538
18085960900,38210,39775,-,N,-,N,5196,-,4075,39892
18085961000,26505,26989,19150,-,-,-,-,-,19644,27681
18085961100,18218,18358,N,N,-,-,13960,N,15204,18431
18085961200,20824,21992,7174,-,12723,-,4621,-,5477,22063
18085961300,29275,29636,-,-,-,-,14842,19136,15467,29840
18085961400,24492,25125,4583,-,-,-,15205,N,20766,25127
18085961500,27414,27891,-,N,-,-,-,-,-,27891
18085961600,25562,25562,-,-,-,-,-,-,-,25562
18085961700,22893,24471,N,-,N,-,12280,-,12542,24459
18085961800,23218,24003,N,-,101024,-,11726,-,15193,23972
18085961900,16413,16482,5258,-,-,-,25986,24106,17925,16624
18085962000,22445,23292,N,-,29220,-,14203,N,13999,23887
18085962100,26911,27999,N,N,29794,-,21488,11733,20664,28127
18085962200,20412,20950,N,25568,-,-,16553,13317,13887,21338
18085962300,32953,33372,-,-,34994,-,15253,N,9736,34018
18085962400,18638,20287,-,N,15269,-,9521,5523,9668,20651
18085962500,23890,23741,-,-,65373,-,26611,12634,18611,24022
18085962600,21730,22439,-,5473,-,-,N,N,13287,22520
18085962700,22002,22297,N,N,N,-,N,-,15652,22387
18087970100,17911,18488,-,N,N,-,N,11579,9460,19000
18087970200,17902,18157,-,-,3135,-,N,10344,10353,19197
18087970300,17250,17136,-,N,-,-,-,14290,N,17218
18087970401,15699,15866,-,-,-,-,-,-,-,15866
18087970402,16970,16766,-,-,-,-,N,22058,N,16766
18087970500,18344,18372,-,-,-,-,-,21301,28125,18189
18087970600,24476,24998,-,-,-,-,N,14917,18470,25104
18087970700,24390,24530,-,-,16988,-,-,25003,35209,24116
18089010100,29947,42106,21798,-,-,-,25167,N,N,43350
18089010201,16322,14715,16844,N,62218,-,16013,4091,10381,15836
18089010203,14114,-,14419,-,17532,-,-,N,-,-
18089010205,10002,13930,9814,N,-,N,-,-,10266,15345
18089010302,13541,19069,13608,N,-,-,N,N,6751,31273
18089010304,16805,15879,17403,-,-,-,11313,N,11666,29491
18089010400,14432,N,14307,N,16528,-,-,N,N,N
18089010500,11887,20366,11761,N,-,-,N,N,12868,15626
18089010600,12827,40150,12234,-,-,-,N,14086,3117,40150
18089010900,12763,N,12224,-,-,-,N,N,N,N
18089011000,14450,N,13764,-,-,-,-,N,N,N
18089011100,13100,-,13133,N,-,-,N,N,N,-
18089011200,18591,N,19280,N,-,-,4502,-,N,N
18089011300,11952,15673,12476,N,-,-,N,-,182,15673
18089011400,9944,15579,9663,-,-,-,N,N,18111,15579
18089011500,14015,15410,13887,-,-,-,10225,29856,13404,14726
18089011600,13687,N,14151,-,-,-,N,4849,5903,-
18089011700,19077,14668,19507,-,-,-,-,-,-,14668
18089011800,26493,-,26493,-,-,-,-,-,-,-
18089011900,9931,N,10442,-,-,N,-,N,-,N
18089012000,15121,N,14994,-,N,-,N,N,14853,N
18089012100,11849,11821,11828,-,-,-,-,N,-,11821
18089012200,10276,5263,8782,-,-,-,-,N,-,5263
18089012300,12798,24071,12359,-,-,-,N,10166,12737,30034
18089012400,14895,12604,15302,N,-,-,N,10948,7019,17908
18089012500,16754,17492,16890,-,-,-,4985,12535,9141,20531
18089012600,16427,18003,16464,N,-,-,14003,498,11027,18003
18089012700,15070,11344,15472,17826,-,-,N,-,13311,9871
18089012800,16081,9676,17655,-,-,-,-,N,N,6407
18089020100,21608,24544,20648,-,N,-,11241,8240,13823,27083
18089020200,22048,25934,-,N,N,-,12610,16724,17452,26637
18089020300,15446,20154,7733,-,2651,-,11504,10028,12101,21867
18089020400,12454,15496,11414,6725,-,-,9480,8387,10173,18808
18089020500,11197,13124,12158,-,N,-,9223,1570,10890,12906
18089020600,7845,10875,6655,-,-,-,6647,N,6653,12323
18089020700,16941,16599,18928,N,5180,-,18056,3256,13143,20219
18089020800,16075,18693,15688,N,-,-,8010,-,14731,22212
18089020900,23027,27100,21722,-,22459,-,5309,4616,9956,29483
18089021000,17199,21179,15199,N,12391,N,14072,2968,12357,23219
18089021100,21162,22428,20399,27692,-,-,16792,14814,17085,22771
18089021300,21792,26075,11983,-,-,-,33342,6846,17265,27380
18089021400,16382,23756,12126,-,N,-,11669,2511,11132,26825
18089021500,29113,32998,24198,-,N,-,12724,-,12437,33512
18089021600,20957,23485,16937,-,-,-,14868,4509,14820,24681
18089021700,19951,23246,15063,N,N,-,12352,7767,15096,23585
18089021800,15594,18384,8620,N,N,-,15494,3964,12002,18936
18089021900,18531,20866,25409,N,-,-,12737,6712,13671,21843
18089022000,17454,21941,15049,-,N,-,9301,498,13482,21603
18089030100,3301,N,2695,-,-,-,5646,-,12627,-
18089030200,8716,9860,7014,-,-,-,14841,N,12967,N
18089030300,9134,7583,9565,-,-,-,7424,-,5848,11790
18089030400,10348,14333,7251,-,-,-,9887,7818,10166,20224
18089030500,14817,17649,13053,N,12544,-,14021,18524,14668,20662
18089030600,16471,15999,11964,-,-,-,18599,30017,16236,20961
18089030700,18810,21368,21053,-,-,-,12507,19350,12842,28263
18089030800,16106,21818,14659,-,-,-,13953,17693,16580,21278
18089030900,18097,21907,20258,-,-,-,13727,3162,13793,32079
18089031000,9782,16833,7086,N,-,-,21224,-,17617,17433
18089040100,19437,21289,8038,-,-,-,18963,N,17515,21829
18089040200,21754,26159,N,-,-,-,12115,8668,14468,27189
18089040300,27342,27730,39849,N,9415,-,24965,N,26683,27736
18089040401,34684,37598,11463,N,7967,-,20903,9578,20528,38022
18089040402,48009,49769,27105,N,52997,-,22517,N,11522,50775
18089040403,34338,34888,N,N,42058,-,15561,18583,20489,35017
18089040501,33649,33866,38375,-,-,-,26176,N,33373,33012
18089040502,31938,36709,27555,-,3560,-,12689,N,15764,37795
18089040600,24364,26681,N,N,16174,-,N,5981,16836,27080
18089040700,28175,29879,17507,22591,10750,N,16546,8532,17807,30285
18089040801,28828,28420,-,-,105283,-,28981,10766,22375,29332
18089040802,26602,26871,N,N,12268,-,29945,6230,29068,26932
18089040900,27169,28157,27075,-,20938,-,17351,N,14256,29061
18089041001,24566,24801,26153,-,-,-,21614,5685,20313,24977
18089041002,24196,25215,-,-,-,-,18114,17597,15866,26232
18089041100,13730,14148,N,N,-,-,5632,10269,8426,14302
18089041200,12552,14406,6438,10835,N,-,8507,4765,8805,14773
18089041302,20969,21562,25832,12480,-,-,4299,N,8341,22120
18089041400,22831,24921,10287,N,-,-,44598,4826,17030,25616
18089041500,16595,14676,18843,-,-,-,7659,-,7694,14716
18089041600,15044,15148,5692,8892,-,-,17405,22813,15043,15564
18089041700,17733,18766,23873,N,14189,-,15982,7415,12542,21840
18089041800,19531,19847,32366,N,-,-,18946,N,17527,20152
18089041900,25434,25390,-,N,-,-,18693,50683,11777,27353
18089042000,27753,27353,32646,-,11960,-,44770,N,29092,27626
18089042100,21565,23334,18576,-,-,-,10327,6200,18074,23355
18089042200,24738,26019,15263,-,-,-,19410,9887,15687,26826
18089042300,25294,27001,25299,7394,27852,-,20341,1502,22071,26804
18089042401,24383,27099,23443,N,N,-,14494,8076,19168,28326
18089042402,20888,25714,16241,18774,N,N,17895,6118,21528,25700
18089042403,25403,22254,28009,38338,N,-,16224,10592,21811,21004
18089042501,18288,19694,15183,N,N,-,20375,N,17972,20007
18089042503,22988,25630,19961,N,-,-,21071,N,16568,26973
18089042504,33764,38468,22821,-,N,-,22715,N,15601,39279
18089042505,25717,28901,23449,55494,48849,-,13921,3022,15501,31148
18089042602,31847,33805,23131,-,23947,-,28283,13270,22863,35470
18089042605,34887,35120,55038,6333,25936,-,31250,26229,27155,35678
18089042606,29032,31397,28733,N,20240,-,13230,-,18218,32025
18089042607,25590,26357,21108,16253,14178,-,26143,12819,24943,26461
18089042608,32330,32436,N,-,N,-,25139,N,29210,32506
18089042609,30925,31366,33205,26461,N,-,24772,18786,16434,32276
18089042702,29873,30836,28100,N,-,-,15973,15547,20459,31305
18089042703,39429,38988,35546,-,53663,N,35839,N,38004,38914
18089042704,31031,30407,N,N,N,-,N,N,21619,30362
18089042801,37037,34023,52701,45152,93035,-,35211,27090,28684,34519
18089042802,31242,31106,N,N,67348,-,19033,31798,21224,31662
18089042901,26359,26525,N,-,N,-,17868,-,17888,27009
18089042902,28102,28809,28513,-,8711,-,-,-,10789,30082
18089043001,31708,29563,N,-,115871,-,24581,N,17094,30665
18089043002,25870,26098,-,-,N,13378,17410,N,13612,27423
18089043101,23044,23979,N,-,N,-,N,6203,9659,24978
18089043102,30765,31080,12355,-,24382,-,N,27106,11775,31493
18089043201,25053,24863,-,-,93511,-,21306,N,19115,24751
18089043202,37210,37310,78044,N,48090,N,3784,23923,21615,37688
18089043300,29450,30458,17289,N,9962,N,16821,3616,14566,31206
18089043401,26503,26700,-,N,39604,-,N,N,10309,27012
18089043403,21292,22085,266,-,-,-,-,N,17421,22198
18089043404,23737,24808,-,-,-,-,-,-,-,24808
18089043405,25339,26080,-,N,N,-,11877,7252,5696,27276
18089990000,-,-,-,-,-,-,-,-,-,-
18091040100,6757,10147,4112,N,N,-,N,1881,1984,10874
18091040300,14248,16935,9157,N,-,-,6995,N,4026,17194
18091040400,22489,23548,16581,-,-,-,-,N,22098,23572
18091040500,24090,25490,9119,-,21962,N,N,-,10840,26838
18091040600,21715,25810,7008,-,-,-,N,1518,23840,25775
18091040700,18015,21936,15309,N,743,-,9489,N,7860,22179
18091040800,19284,19858,19494,N,-,-,N,5683,11672,20135
18091040900,17968,25368,13075,N,-,-,-,63472,-,25814
18091041100,47636,48545,57432,N,47425,-,14673,29105,38380,48476
18091041200,45873,45835,49472,N,52529,-,-,-,N,45933
18091041300,19183,21065,11071,N,-,-,N,6583,N,20519
18091041400,18297,19686,17803,N,16951,-,9176,N,7844,20302
18091041500,27624,28209,15648,N,N,-,-,N,22666,28377
18091041600,28291,27810,36716,N,N,-,63005,17396,24556,28135
18091041700,27219,26535,74658,N,-,-,N,N,23807,26391
18091041800,22023,22503,N,-,-,-,2662,N,10807,23556
18091041900,24502,24671,35807,N,-,-,-,N,N,24912
18091042000,25559,25982,N,N,-,-,N,N,16838,27603
18091042100,18605,19383,13857,N,N,-,7423,8826,10426,20465
18091042200,31567,33118,N,-,-,-,16033,4437,12355,33739
18091042300,18269,18569,16002,-,-,-,-,N,3373,18995
18091042400,20417,20749,9604,-,N,-,N,N,8925,21288
18091042500,26187,25892,N,-,-,-,39729,N,22828,26366
18091042600,15413,18854,3284,215,N,-,6689,4182,7745,19540
18091042700,25062,25343,26521,16080,-,-,-,8702,29265,25047
18091042800,27336,27915,4295,-,-,-,N,14441,15100,27986
18091042900,26828,27529,7904,-,-,-,N,5984,39208,27209
18091043000,21390,31953,9905,N,N,-,2424,1798,6620,32744
18091990000,-,-,-,-,-,-,-,-,-,-
18093950400,20504,20678,N,-,-,-,-,N,-,20678
18093950500,22660,22781,-,-,-,-,-,-,-,22781
18093950600,26690,27121,N,2347,-,-,N,1783,N,27128
18093950700,20480,20391,N,33990,N,-,-,N,-,20391
18093950800,21220,21605,N,-,8774,-,-,-,11510,21900
18093950900,19664,19857,N,N,N,-,-,-,-,20024
18093951000,19756,19823,15377,-,N,-,-,N,9499,20325
18093951100,18098,18324,N,-,N,-,N,N,-,18402
18093951200,23398,24025,28061,-,N,-,7372,6991,8556,24599
18093951300,14344,14407,-,-,-,-,N,N,3938,14540
18095000300,14825,17431,8177,-,-,-,12457,297,13982,17471
18095000400,18142,15111,21666,-,-,-,N,10635,N,15111
18095000500,20028,25507,11553,N,N,-,5073,N,6787,27160
18095000800,11428,11523,9583,-,-,-,N,14027,5998,11636
18095000900,13582,14325,5552,-,N,N,8567,N,12216,14254
18095001000,16013,17425,7949,-,-,-,8869,9734,7543,17817
18095001100,13187,14041,12135,-,20260,-,6849,2633,5351,15066
18095001200,20203,21199,10014,-,N,-,-,10738,7207,21287
18095001300,22087,22351,22039,-,-,-,-,15019,29788,22207
18095001400,19209,19308,26529,N,-,-,N,8460,24566,19365
18095001500,23749,25201,13134,-,N,-,8258,16980,9397,25269
18095001600,31084,31148,25241,-,-,-,N,103119,11987,31098
18095001700,18729,21543,15387,-,-,-,6650,16076,3887,21801
18095001800,20410,21024,16203,-,-,-,-,11590,N,21081
18095001900,20507,21964,10007,-,-,-,N,11762,7120,22137
18095002000,20266,21615,11671,N,15950,-,-,N,-,21615
18095010100,22465,22551,-,N,-,-,-,14343,11424,22678
18095010200,17685,18025,-,-,-,N,39275,7005,16310,18375
18095010300,22745,23121,-,-,-,-,N,6692,14104,23075
18095010400,25013,25122,-,-,-,-,22553,-,22553,25122
18095010500,25725,25685,N,16196,N,-,-,-,N,25643
18095010600,17878,18111,N,-,-,-,N,18822,18445,18217
18095010700,26903,26781,-,N,N,-,-,N,-,26781
18095010800,23518,23534,-,-,N,-,-,22910,N,23608
18095010900,22539,22485,-,-,-,-,N,19011,19804,22919
18095011000,35028,35350,-,-,68813,-,-,-,N,35189
18095011100,25092,25766,N,-,-,-,-,13454,50239,25575
18095011200,28565,28727,30914,-,N,-,-,N,28473,28699
18095011300,18944,19436,-,-,-,-,-,10785,52988,19084
18095011400,26761,27672,-,-,N,-,-,13171,28937,27657
18095011501,27965,28198,-,-,-,-,-,N,N,28323
18095011502,29263,29196,N,-,-,-,N,N,N,29196
18095011600,4468,3982,2223,597,1100,-,1074,32418,4266,4065
18095011700,26953,27698,-,-,47145,-,-,10447,-,27698
18095011800,23733,23749,11920,-,-,-,28824,23683,21272,23937
18095011900,13962,15119,13258,-,-,-,-,9960,N,15313
18095012000,13830,14094,15142,N,-,-,7863,5948,5432,14740
18097310103,64410,77653,34179,-,47234,-,37356,15934,33366,77433
18097310104,33580,39468,27990,-,29293,-,9618,-,9618,39468
18097310105,26146,26398,24936,-,49908,-,17086,6017,13779,29054
18097310106,25393,30803,22228,22892,53582,-,2063,12614,6470,31669
18097310108,61152,62589,71464,47290,34117,-,N,N,24296,63115
18097310110,34609,40166,33607,-,23252,-,N,5047,N,40166
18097310111,29162,35446,21843,N,N,-,16224,23270,11880,35523
18097310201,24989,31309,20422,-,23429,-,9340,6888,10333,37488
18097310203,22295,28611,17387,-,13917,-,12489,23861,13134,32575
18097310204,21422,26980,21969,-,11848,-,2566,9309,8870,30853
18097310305,15072,18822,15599,-,12937,-,5702,10394,7387,25563
18097310306,16871,20853,16107,-,13352,-,16768,-,12842,25053
18097310308,26684,26246,26982,N,42697,-,N,17835,11955,31336
18097310309,16768,28453,12519,-,15227,N,16251,23886,18241,28530
18097310310,27211,28575,27657,-,46953,-,7313,11602,9550,33333
18097310311,28686,37788,26427,-,27025,-,8551,N,16154,41747
18097310312,21107,26665,20574,N,12808,-,9650,N,8734,32696
18097320105,34822,39488,18279,-,53935,-,16922,13042,9594,43950
18097320106,52995,63007,22376,-,-,-,5337,N,5687,66622
18097320107,43804,45454,N,-,N,-,-,N,-,45454
18097320108,18471,23148,15903,-,20737,-,8571,N,9835,23330
18097320109,61811,72171,23517,N,21470,-,-,-,832780,54035
18097320202,57290,58567,31427,N,N,-,N,18512,N,58840
18097320203,26648,28673,21041,8416,35204,-,12017,40600,15629,29644
18097320204,28173,31560,17254,-,29886,-,10916,-,12279,35517
18097320301,51800,55225,32345,-,6483,-,N,N,N,55599
18097320303,26117,27734,15875,N,26609,-,22261,23137,15594,29229
18097320304,51799,54457,27501,N,44020,-,-,N,41591,54312
18097320400,28726,31315,20267,N,22281,-,-,-,6566,32633
18097320500,38248,41847,13450,N,N,-,-,19787,N,42692
18097320600,23816,24303,15851,-,-,-,16062,N,18460,24268
18097320700,52241,53028,30978,-,N,-,-,N,-,53028
18097320800,70615,71386,20008,-,N,-,-,-,69000,71296
18097320901,28997,37171,22532,-,35976,-,N,7311,7324,38863
18097320902,21706,22760,22749,-,20720,-,8104,15797,13668,25523
18097320903,17437,23450,16669,-,N,-,11080,18232,10330,31187
18097321001,17571,20498,18673,N,-,-,3569,18416,5531,23327
18097321002,39361,49030,31879,-,29106,N,22154,13314,9292,49591
18097321100,40827,56779,25247,-,31818,-,11545,3001,13697,56845
18097321200,53762,54592,44789,N,N,-,-,N,30413,55161
18097321300,44560,48315,3219,-,N,-,-,20222,-,48315
18097321400,41841,48831,25450,-,29117,-,N,-,13877,49810
18097321600,27273,32050,23621,-,N,-,-,N,-,32050
18097321700,32461,37282,17076,-,27114,-,N,9419,43876,37514
18097321800,47146,51266,17310,-,36401,-,N,13714,N,51251
18097321900,21172,21970,18060,-,1567,-,N,N,12310,22391
18097322000,28120,55302,16719,-,N,-,-,-,22524,57919
18097322100,23103,32675,19800,-,-,-,28000,9933,11284,32675
18097322200,35191,50846,14987,-,-,-,N,31600,52686,50023
18097322300,30859,35661,22450,N,N,-,N,9518,-,35661
18097322400,21266,25002,17742,-,32569,-,N,4369,24157,26007
18097322500,16012,19072,14577,-,-,-,-,N,-,20160
18097322600,16803,34870,14133,-,-,-,12873,11965,N,37094
18097322700,27480,29738,27565,-,-,-,-,13700,-,29738
18097330103,34652,37896,22814,-,35887,-,19105,N,13829,40695
18097330105,26384,27110,20765,N,22991,-,21798,N,10317,31306
18097330106,27119,35791,12882,N,19017,-,9981,N,11368,36080
18097330107,46604,48895,35227,-,59913,-,12520,28202,15066,49718
18097330108,48239,49783,28972,-,N,-,N,31147,N,50266
18097330109,37161,38864,19334,-,33631,-,N,50203,31262,38770
18097330202,17813,27011,14486,N,14073,-,7887,8394,7086,29284
18097330203,62925,66941,50447,-,N,-,N,1033,22230,67058
18097330204,30721,33942,27470,-,21294,-,22591,13093,27801,34400
18097330206,39536,36782,53610,-,45213,-,29528,N,21061,37727
18097330208,33597,33869,52930,N,13740,-,20850,N,27462,33973
18097330209,29889,31406,25468,N,36453,-,N,23611,38323,31255
18097330401,40739,42848,29327,N,-,-,N,N,N,43138
18097330500,28455,33849,27652,-,N,-,6664,23963,10909,34103
18097330600,19846,22964,15028,-,-,-,9340,11229,12014,22995
18097330700,18307,21607,16240,N,34538,-,7614,11543,9897,21676
18097330803,10522,14824,9355,N,-,-,6579,8056,7945,19476
18097330804,9539,15054,7406,-,-,-,11320,12193,13254,15266
18097330805,15352,16215,15216,-,-,-,5957,17603,9031,16484
18097330806,13796,16236,13244,-,-,-,10661,N,17750,15040
18097330900,14010,19892,13275,-,-,-,N,26607,8117,20001
18097331000,19331,20427,20155,-,-,N,-,N,N,20427
18097340101,27839,31289,17808,-,N,-,7524,1014,8823,31278
18097340102,19336,23205,13645,-,-,-,N,6026,18180,23487
18097340108,17253,20952,11762,-,N,-,15701,-,16516,25872
18097340109,29399,31345,24877,-,-,-,-,-,N,31497
18097340110,23210,29399,20778,N,22323,-,8564,8385,14814,30730
18097340111,26180,29275,22737,N,26971,-,22291,3588,17092,30096
18097340112,27344,31915,21204,9104,30616,-,13641,10368,12611,32041
18097340113,22040,22891,14328,-,21092,-,-,N,5591,23035
18097340114,26839,29217,20054,-,21144,-,N,N,17872,29234
18097340201,16110,18761,15405,-,N,-,13382,N,12768,20177
18097340202,21633,24779,17137,-,N,-,13743,11805,14979,24860
18097340300,13973,16579,15376,16548,7307,-,8895,12680,8380,21611
18097340400,15719,16085,17412,-,-,-,11480,12166,11952,17349
18097340500,16226,14555,18348,-,-,-,11204,6146,9089,15249
18097340600,14040,15818,14186,-,11340,-,4107,8125,7015,18860
18097340700,12903,16638,8981,N,-,-,9960,15096,9244,19560
18097340800,32635,32344,N,-,-,-,-,-,N,32416
18097340901,26202,28596,26955,-,9264,-,19516,7965,14923,29455
18097340902,21089,24970,14222,N,23445,N,11831,5757,10550,25662
18097341000,27005,28177,-,-,-,-,-,N,N,28079
18097341100,15277,17230,14017,N,11737,-,7144,17224,7808,17736
18097341200,11904,12791,12196,-,-,-,N,-,8205,17488
18097341600,11254,22206,8557,N,N,-,2415,N,11090,20775
18097341700,14277,14949,13395,N,N,-,6831,-,5780,15642
18097341902,24484,28518,13429,-,15542,-,13153,N,16408,28948
18097341903,16552,21808,11729,-,23630,-,5738,N,6016,25549
18097341904,18922,19106,33445,-,N,-,6561,28743,5951,22634
18097342000,25200,27846,21071,-,26544,-,9928,12630,19679,27949
18097342101,18117,19143,17402,N,17567,-,12012,7852,8569,23740
18097342200,16917,19025,7292,N,-,-,14862,28490,11614,19765
18097342300,13508,13744,N,-,-,-,25538,6231,9699,14150
18097342400,15913,17447,N,N,-,-,-,N,-,17447
18097342500,15026,15664,10004,N,-,-,18417,N,13701,15818
18097342600,14107,14922,11181,-,N,-,12262,N,10029,16088
18097350100,14785,37342,13792,-,-,-,-,-,-,37342
18097350300,14300,13732,14312,-,-,-,N,24604,6258,16634
18097350400,19950,30695,15829,N,N,-,-,N,N,30695
18097350500,18419,14870,16407,-,89030,-,-,-,27234,14870
18097350600,16514,16118,16446,-,-,-,N,16656,13671,23816
18097350700,17117,N,16811,-,-,-,-,N,N,N
18097350800,10442,9356,10584,-,-,-,-,5302,-,9356
18097350900,20381,29415,19085,-,-,-,-,N,-,29415
18097351000,17680,42307,13518,N,-,-,14667,7033,14667,42307
18097351200,12268,6502,12388,-,-,-,-,N,-,6502
18097351500,19976,29448,16956,N,N,-,-,N,N,29665
18097351600,31073,52609,12824,-,N,-,N,-,9580,53623
18097351700,17928,39817,12047,-,23181,-,N,10971,-,39817
18097351900,14703,17496,14528,-,-,-,-,15421,N,19309
18097352100,8218,4638,8416,-,-,-,27491,546,N,4638
18097352300,14276,44991,14401,-,N,-,4897,N,4897,44991
18097352400,14742,19379,9947,-,9067,-,8415,7223,5335,20700
18097352500,23437,24053,20989,N,-,-,12850,N,15574,24853
18097352600,9624,13164,8094,N,-,-,1993,3724,2753,13191
18097352700,14919,18875,10205,-,13355,-,-,8223,9193,19672
18097352800,10155,-,9785,-,-,-,-,N,-,-
18097353300,29106,34132,21558,-,N,-,N,7619,12651,34175
18097353500,12317,20618,7798,-,16209,-,N,N,N,20618
18097353600,13038,8879,12935,-,28510,-,N,5876,6567,10103
18097354200,38248,51300,9325,N,17444,-,N,15706,36502,51840
18097354400,28603,33386,13344,-,N,-,-,15749,-,33386
18097354500,20062,22404,2496,14161,N,-,17901,15739,15573,22863
18097354700,7578,9639,5907,-,-,-,N,-,5076,10305
18097354800,10650,18670,6017,-,-,-,7711,N,N,18670
18097354900,10894,10536,12032,-,-,-,710,15558,5053,11508
18097355000,10747,11753,8092,N,-,-,10742,N,7472,14577
18097355100,11922,13439,8472,-,-,-,11384,N,10007,14008
18097355300,20124,22499,26580,7702,12791,-,8905,N,11703,23017
18097355400,16195,19688,7578,-,24364,-,-,N,9663,20689
18097355500,19623,19826,34568,-,-,N,8166,2436,13008,20202
18097355600,14670,14294,17864,N,-,-,N,24293,10081,14758
18097355700,11293,13192,8333,-,-,-,5680,N,10996,12629
18097355900,15645,14812,24874,N,-,-,N,3869,17098,14588
18097356200,24239,30806,9512,-,N,-,9313,9691,10683,31374
18097356400,12458,12701,10706,-,15766,-,13893,-,9791,14319
18097356900,13476,14084,14001,N,-,-,-,N,7266,14563
18097357000,13028,13523,12532,-,-,-,10355,N,9449,13571
18097357100,13755,14848,11872,-,-,-,7845,N,5493,16153
18097357200,11320,10677,17034,N,-,-,11428,N,7596,11294
18097357300,13545,15039,11016,-,-,-,14528,N,12827,15501
18097357400,11785,12993,9329,-,-,-,10475,N,8817,13228
18097357500,18962,19883,N,-,-,-,2500,N,1791,19917
18097357600,14989,15384,11534,20258,N,-,11234,6699,10824,15745
18097357800,16322,18427,2772,-,-,-,-,N,3086,19503
18097357900,19234,21047,6937,N,-,-,12320,-,12886,21245
18097358000,15334,16537,9837,-,-,-,N,N,8779,16913
18097358100,13753,13539,N,-,N,-,18103,-,11363,14524
18097360101,10386,11333,9775,-,-,-,N,N,3525,11624
18097360102,15188,18208,14716,-,N,-,N,5228,N,18208
18097360201,14273,16724,11757,N,-,-,N,N,N,16611
18097360202,15277,19019,13110,N,-,-,N,N,4891,21311
18097360301,16351,21790,11355,-,5946,-,N,N,17882,22225
18097360302,12024,14656,11779,-,-,-,4178,6652,13927,14730
18097360401,15136,19237,13048,N,28942,-,11430,12081,10995,19680
18097360402,14125,16703,13485,-,-,-,-,N,-,16703
18097360404,15266,22082,12135,-,-,-,6743,7596,10221,25185
18097360405,18087,22693,15675,-,14689,-,4229,16825,3288,23927
18097360501,19647,21731,16765,-,-,-,N,2976,8658,24250
18097360502,24872,27104,21091,N,16006,-,N,N,10162,27688
18097360601,25680,26817,22405,-,24612,-,10873,N,4755,27806
18097360602,21938,24623,19087,-,14888,-,10671,14307,10685,25130
18097360700,26913,29064,19638,-,-,-,6697,N,6697,29064
18097360800,19112,22244,10566,N,12531,-,-,-,8753,23002
18097360900,23498,24642,16686,-,-,-,16116,N,12955,24952
18097361000,32526,31897,N,-,-,-,57379,-,9055,32584
18097361100,25440,27631,10319,N,-,-,N,N,15027,27449
18097361200,19406,19876,7314,-,41288,-,N,8708,15549,19833
18097361300,21732,21570,N,-,-,-,-,39721,16206,21688
18097361400,20083,20318,20863,12174,-,-,14850,N,16357,20581
18097361600,30380,30964,23724,-,59205,-,N,N,11701,31529
18097370201,19055,19524,12112,-,19258,-,N,-,-,19524
18097370202,16208,16774,12382,36468,N,-,N,10554,9876,16809
18097370301,21448,23284,14580,-,N,N,N,6159,6616,23743
18097370302,22200,22469,24225,-,N,-,N,N,16674,22731
18097380100,28476,29490,19763,N,19506,-,7024,10632,20367,29566
18097380200,23056,24922,9425,-,13750,-,3590,N,7694,26796
18097380300,13450,13717,7853,12203,6303,-,27241,4287,21208,13822
18097380402,17512,20218,5189,-,-,-,10142,-,9401,20396
18097380403,22661,21969,-,N,-,-,N,-,N,21969
18097380404,23744,23576,26628,N,-,-,N,N,9719,23966
18097380501,19683,20837,N,-,-,-,N,6523,11055,22300
18097380502,16885,19291,14272,N,13718,N,10409,564,9792,19243
18097380600,16694,18219,10319,N,12669,-,7918,N,5103,20402
18097380700,21625,23680,5680,-,N,-,9696,N,10724,23672
18097380800,23424,23960,N,N,-,-,-,N,-,23960
18097380901,27621,27898,30379,-,30185,-,-,9086,11631,28726
18097380902,30053,30633,21251,-,29869,-,N,-,9892,31013
18097381001,18294,22879,13547,-,5146,-,12106,4240,11836,23920
18097381002,27650,28560,3451,-,N,-,N,N,N,28601
18097381101,32438,33080,20790,N,N,-,16503,N,10305,33504
18097381102,23747,23813,-,N,12087,-,N,N,9944,24249
18097381201,30513,30880,11410,-,42327,-,N,23532,12500,31585
18097381203,15959,21732,8749,N,5969,-,9331,5626,9550,23288
18097381204,17058,16808,N,N,19461,-,N,N,8739,16941
18097381205,23519,22837,33074,N,14996,-,-,45614,9552,23000
18097390101,25188,26763,14940,-,26420,-,11582,N,12183,27223
18097390102,20796,23221,13729,-,18688,-,5298,N,5359,23557
18097390200,28719,29254,31198,-,N,-,N,-,10039,29452
18097390300,32408,33086,29324,N,40665,-,-,-,13551,33566
18097390402,25909,27357,8339,N,11547,-,11983,9036,16398,27842
18097390403,34038,35129,N,N,15423,-,-,32445,13361,35330
18097390404,34231,33765,35842,-,79592,-,24726,N,17975,35515
18097390405,29705,30817,28438,-,26058,-,N,8455,40187,30437
18097390500,17907,78960,12940,-,-,-,-,-,4887,78960
18097390600,26058,36553,18122,-,18844,-,4667,13827,5163,43398
18097390700,12046,13779,5822,-,-,-,10735,-,8814,16298
18097390800,24974,24354,34139,-,-,-,-,N,16146,24615
18097390900,37766,70911,15413,N,N,-,N,11124,87459,70295
18097391000,29668,36859,10662,N,21951,-,21969,25455,36978,36705
18099020101,24818,25114,16194,-,-,N,20821,N,18197,25812
18099020102,19062,19531,N,-,-,-,-,-,N,19668
18099020201,22910,23057,-,-,N,-,N,N,11031,23375
18099020202,25653,25589,-,-,N,-,N,-,31701,25567
18099020301,26910,27017,N,22424,N,-,-,N,N,27017
18099020302,28361,29550,12131,-,N,-,N,4305,6499,29614
18099020400,21145,22918,2100,-,N,-,15010,N,11402,23345
18099020500,13460,16113,-,-,N,-,6542,10070,7833,16424
18099020600,21466,22837,N,-,10683,N,12711,N,11170,23118
18099020701,28668,28795,-,-,-,-,N,-,28709,28666
18099020702,21518,21818,-,N,N,-,17089,N,14153,22068
18099020800,18520,18731,-,N,86,-,N,13174,11697,18758
18101950100,20528,20217,-,-,N,N,-,N,N,20132
18101950200,21556,22029,-,-,N,-,-,-,-,22029
18101950300,22847,22846,N,-,-,-,N,23719,N,22846
18103952000,19843,20050,-,-,-,-,N,6660,N,20050
18103952100,19776,21200,-,-,N,-,N,3109,N,21200
18103952200,19707,20727,7657,12616,N,-,N,-,34576,20239
18103952300,16428,17114,12015,21365,-,-,-,11906,N,17114
18103952400,17110,17861,N,N,-,-,-,1839,2252,18596
18103952500,16661,16540,N,N,N,-,-,-,-,16540
18103952600,23546,23675,-,N,-,-,N,19005,12277,23740
18103952700,19732,20955,8306,N,N,-,N,1262,N,20955
18103952800,15919,16001,15570,N,N,-,16064,18202,15445,16011
18103952900,14789,15643,15093,-,-,-,N,3972,4459,15836
18105000100,11383,11604,4243,N,9268,-,N,13775,13178,11540
18105000201,4467,3173,6493,N,8832,-,2081,3723,2868,3181
18105000202,3039,3247,2970,N,1329,-,4740,1907,7491,3058
18105000301,18353,19403,N,N,5154,-,N,N,7259,19578
18105000302,26070,26662,-,-,20835,-,N,N,30103,25964
18105000401,18466,18049,33103,N,12822,-,-,16477,20621,18019
18105000402,19345,21119,13508,N,16246,N,N,12011,16389,21232
18105000501,20153,19755,31112,-,23023,-,17774,10523,16253,19964
18105000502,19734,20235,15356,-,28275,-,9282,-,9783,21575
18105000601,17694,17909,19840,-,-,-,-,N,N,18274
18105000602,12065,12243,11823,-,-,-,-,4631,-,12243
18105000700,28369,29654,18286,-,7253,-,N,N,12909,30070
18105000800,28708,31972,8671,-,17454,-,-,25002,15912,32150
18105000901,31089,33274,N,-,10660,-,-,16585,24444,34267
18105000903,23835,26062,21631,-,13295,-,9850,73477,17634,25904
18105000904,25562,30258,25815,-,6600,-,17038,5832,8146,30763
18105001001,41776,45093,25689,84832,13173,-,15803,7457,23397,45119
18105001002,32760,34657,27987,N,19408,-,9760,36011,34569,34353
18105001101,18720,20413,9435,N,13945,-,-,10086,N,20469
18105001102,21683,22902,13950,N,4629,-,-,N,N,22869
18105001103,23976,24733,N,-,3373,-,-,N,-,24733
18105001200,28755,29481,N,-,76033,-,N,11109,20427,29452
18105001301,22676,22702,N,N,-,-,N,N,N,22788
18105001303,28964,29262,25253,-,-,-,-,N,N,29264
18105001304,20964,21264,N,-,-,-,-,N,-,21264
18105001305,20778,20726,53000,11582,-,-,-,17980,N,20726
18105001401,35810,33845,-,N,106219,-,-,-,-,33845
18105001402,29690,29716,26049,-,N,-,N,33246,N,29716
18105001501,30172,30470,N,-,N,-,-,-,N,30589
18105001502,36205,36205,-,-,-,-,-,-,-,36205
18105001600,6211,5880,5024,-,13165,-,N,N,4739,5900
18107956700,25744,25744,-,-,-,-,-,-,N,26076
18107956800,21214,21217,18847,-,22500,-,N,-,8275,21354
18107956900,26942,27222,-,N,-,-,-,16121,25070,27378
18107957000,19041,20065,36827,N,5966,-,N,4482,7235,20628
18107957100,18471,18267,10199,-,-,-,-,N,7433,18362
18107957200,18654,18620,N,-,N,-,7419,N,7944,19923
18107957300,32220,32446,-,-,N,-,N,22372,23151,32547
18107957400,22384,22228,19496,-,-,-,-,N,-,22228
18107957500,20873,20926,-,-,N,-,-,N,18598,20957
18109510100,25932,25954,-,-,-,-,N,24140,15989,26184
18109510201,24954,25050,-,-,-,-,N,N,N,25354
18109510202,22190,23208,N,-,-,-,N,N,N,23208
18109510300,22228,22602,N,-,-,-,-,-,-,22602
18109510401,24037,24849,-,-,6394,-,-,-,-,24849
18109510402,26400,27433,N,N,-,-,-,2331,N,27398
18109510500,23511,24032,-,12447,N,-,N,6374,20288,24051
18109510600,25325,25524,-,-,N,-,10629,-,8475,25761
18109510701,17952,17965,-,-,N,-,-,-,-,17965
18109510702,28701,28814,-,-,N,-,-,13286,-,28814
18109510800,16817,16817,-,-,-,-,-,-,-,16817
18109510900,17625,17578,-,N,N,-,N,-,14983,17715
18109511000,25871,26067,-,-,-,-,-,7969,N,26044
18111100400,25997,26442,-,-,-,-,-,8131,12821,26956
18111100500,22847,23401,N,-,N,-,-,7653,16311,23359
18111100600,19574,19347,N,-,-,-,7656,39471,10725,19641
18111100700,26163,26516,-,-,-,-,N,16213,7407,27043
18113971700,21626,22664,-,-,11431,-,11993,13958,10920,23103
18113971800,17135,17617,-,-,N,-,-,10852,N,17920
18113971900,18997,20097,N,N,-,-,N,8343,7243,20489
18113972000,21752,21888,-,N,N,-,N,21090,N,22115
18113972100,19091,20254,-,N,N,-,10160,N,12787,20098
18113972200,15434,16186,N,N,-,N,12395,6864,9491,21681
18113972300,19023,19232,-,N,-,-,12556,13899,18359,19170
18113972400,19400,19910,N,N,N,-,N,10527,12655,20016
18113972500,21908,22138,30385,-,-,-,N,12107,12607,22167
18113972600,22310,22445,13471,N,-,-,-,22074,N,22503
18115965700,20489,20393,26038,-,-,-,-,21236,N,20270
18115965800,30397,29191,N,-,-,-,-,79756,79371,29249
18117951300,20765,20944,-,N,N,-,-,2598,-,20944
18117951400,18664,18788,-,-,-,-,N,N,18631,18785
18117951500,19345,19294,17690,-,32202,-,15354,-,12515,19329
18117951600,19988,20065,-,N,-,-,N,N,7377,20130
18117951700,16518,16670,11362,-,-,-,-,-,7104,16837
18117951800,19454,19593,-,N,-,-,N,-,N,19593
18119955500,19312,19654,N,-,N,-,-,5465,-,19654
18119955600,20185,20308,-,N,N,-,-,-,-,20308
18119955700,22573,23341,2675,-,7193,-,N,N,N,23341
18119955800,20921,21114,-,-,11950,-,11415,N,6928,21448
18119955900,19444,19559,-,-,-,-,N,-,4267,19691
18121030100,20490,20654,-,-,-,-,-,10237,N,20657
18121030200,20833,20868,-,-,N,-,-,-,13447,21100
18121030300,14876,16130,2895,5868,-,-,N,8900,2245,16178
18121030400,22605,22736,N,N,15300,-,N,13669,17100,22767
18123952200,16762,18475,2456,-,-,N,2676,N,5207,18520
18123952300,26868,26972,-,-,N,-,-,-,-,27012
18123952400,21512,21685,N,-,-,-,-,N,27440,21636
18123952500,23042,23122,-,N,N,-,-,N,N,23122
18123952600,15285,15108,-,-,N,-,-,27364,N,15124
18125953900,19063,19098,-,-,-,-,N,N,N,19098
18125954000,20101,20281,N,-,N,-,-,-,-,20281
18125954100,20473,20336,N,-,-,-,N,-,N,20302
18125954200,20477,20034,-,-,40736,-,N,-,N,20227
18127050101,34670,34870,N,-,27558,-,49993,16463,20370,36119
18127050103,32385,32553,N,N,N,-,22419,25085,13500,32824
18127050202,24612,25003,N,-,20958,-,23542,26177,14997,25904
18127050203,30597,30837,N,N,67266,-,10631,13500,25127,30642
18127050300,32863,33661,22353,N,27115,-,19239,23986,26713,34400
18127050402,27093,27805,23389,-,24189,-,18861,N,13938,29830
18127050405,56374,56510,-,-,N,-,N,-,24497,57352
18127050407,20098,20665,20671,-,-,-,18247,7196,11792,21707
18127050501,22149,22271,-,N,45632,-,10346,N,18356,22486
18127050503,21530,21429,27604,N,-,-,24799,17595,20804,21655
18127050505,21142,22162,-,-,-,-,-,6411,29435,21742
18127050506,26071,26696,23542,N,25447,-,21383,N,18254,27610
18127050507,21638,22283,27512,-,9265,-,17750,1182,17368,22544
18127050508,20487,21738,15391,-,N,N,19083,22269,17496,22774
18127050509,20736,22941,7292,-,21477,-,10464,-,19652,23331
18127050602,33521,33746,45785,-,62805,-,6917,5362,5146,34500
18127050603,40728,41020,N,N,45117,-,-,N,25355,41559
18127050604,38384,39010,18885,-,39372,N,N,29794,26414,39392
18127050702,26556,27675,23751,N,24573,-,28565,8024,12685,29203
18127050703,29490,29557,-,-,-,-,-,N,14578,30160
18127050704,34488,34530,N,-,11109,-,26819,133076,8356,34888
18127050800,22070,23214,9109,-,3623,-,10244,6110,13084,24066
18127050900,11500,12566,7879,N,1247,-,N,N,10277,12853
18127051002,29334,29736,N,16009,N,-,25250,3502,25251,29885
18127051005,37029,37657,N,-,N,-,28970,N,29310,37839
18127051006,23912,24047,-,-,43547,-,N,N,27842,23833
18127051007,29822,30200,-,N,25208,-,24014,13479,18846,30489
18127051008,25683,26088,30923,-,-,-,14551,-,23277,26222
18127051101,26558,26925,N,-,-,-,29537,N,20263,26991
18127051102,23852,24281,N,-,3578,-,N,N,11276,24543
18127980001,N,N,-,-,-,-,-,-,-,N
18127980002,-,-,-,-,-,-,-,-,-,-
18127990000,-,-,-,-,-,-,-,-,-,-
18129040100,24392,24428,-,-,N,-,32781,N,21831,24642
18129040200,26841,26852,-,-,-,-,-,N,14870,26890
18129040300,29042,29542,-,-,-,-,-,N,-,29542
18129040400,29510,29960,-,-,-,-,-,N,-,29960
18129040500,30831,30897,N,N,-,-,-,-,-,30897
18129040600,21271,22599,4514,-,-,-,N,3261,20129,22518
18129040700,25673,26421,19570,-,-,-,5884,-,6217,26421
18131958900,24424,24371,N,-,N,-,N,-,N,24371
18131959000,20917,20984,-,N,N,-,N,30840,13523,21375
18131959100,14546,15033,-,N,N,-,9946,-,11182,15120
18131959200,24834,24982,-,-,N,-,-,N,19502,25058
18133956000,21926,22045,-,N,-,N,-,9668,-,22045
18133956100,24514,24413,-,N,-,-,N,-,N,24413
18133956200,18695,19027,14393,N,15005,-,N,4376,7059,19116
18133956300,19502,20366,3866,-,12359,-,13229,5337,15465,20333
18133956400,24333,24353,N,-,41639,-,-,12026,N,24761
18133956500,21037,21155,4713,-,-,-,-,11240,9875,21286
18133956600,15944,18678,2291,20068,18242,-,1838,48920,542,18841
18135951400,19695,19700,-,-,-,-,N,-,N,19700
18135951500,19838,20032,-,N,-,-,-,10976,-,20032
18135951600,14878,15577,11563,-,-,-,9861,-,10740,15627
18135951700,17352,17594,-,-,N,-,-,13370,N,17721
18135951800,20739,21243,N,-,-,-,-,8350,N,21463
18135951900,22134,22234,N,15650,-,-,-,11137,N,22270
18135952000,20518,20735,N,-,-,-,N,14598,14415,20711
18135952100,21691,21639,-,-,-,-,N,29429,N,21639
18137968400,24148,24225,N,-,17568,-,16915,23659,14747,24305
18137968500,24319,25410,N,-,10470,-,N,N,12890,25703
18137968600,19567,19644,-,-,-,-,N,N,N,19743
18137968700,19824,19852,N,N,-,-,-,N,-,19852
18137968800,19922,19955,N,N,N,-,-,N,-,20183
18137968900,22094,22231,-,N,-,-,N,N,N,22231
18139974100,26559,26532,N,N,-,-,-,-,-,26532
18139974200,23200,23368,-,N,-,-,-,11448,17875,23392
18139974300,16458,16985,12321,-,N,-,4966,-,4552,17068
18139974400,17578,17479,22556,-,-,-,-,-,N,17470
18139974500,22472,23184,-,-,N,-,-,1968,-,23184
18141000100,14868,18797,9973,-,-,-,12346,N,13303,19525
18141000200,15348,20817,12900,N,-,-,10782,1723,7575,21805
18141000301,19664,23286,6804,-,N,-,-,-,6155,24457
18141000302,18372,24750,12227,47393,N,-,27729,2853,10186,24658
18141000400,11823,13192,13670,-,-,-,6631,N,6379,13500
18141000500,12962,15307,12017,-,-,-,-,-,N,19882
18141000600,9988,12001,7179,N,20790,-,11296,-,12231,11820
18141000700,24478,27772,13405,-,-,-,N,-,N,27772
18141000800,31032,31350,N,N,52538,-,31751,-,26658,31683
18141000900,18502,19587,8213,13932,45834,-,13575,10484,18456,19462
18141001000,16010,16451,17895,-,N,-,3767,8497,9127,16567
18141001100,17784,21759,14567,-,15473,-,6583,4209,14258,21439
18141001200,34205,38842,12027,-,11296,-,-,15161,17344,40895
18141001300,20416,20677,16940,32904,28571,-,17516,14505,14492,22136
18141001400,18411,19590,11300,N,-,-,27619,N,6710,20597
18141001500,17352,21285,10583,N,-,-,11895,6041,7693,21302
18141001600,35603,39536,16513,N,-,-,14835,20110,14674,39906
18141001700,14657,21198,7625,-,N,-,-,N,-,21198
18141001900,9640,18554,6088,N,-,-,-,10947,N,20590
18141002000,10591,19520,6646,N,22588,-,-,N,6253,23506
18141002100,6778,5987,7224,-,-,-,N,-,3536,6682
18141002200,11950,11575,13174,-,22352,-,12442,8361,10540,13980
18141002300,14041,12739,14554,-,-,-,-,-,7156,20791
18141002400,10762,12693,10102,-,-,-,8891,N,6066,20584
18141002500,18298,21626,15527,-,-,-,10349,20809,11774,23514
18141002600,15203,15278,17674,-,-,-,12360,N,8417,17801
18141002700,10359,11985,6915,N,-,-,14974,N,12884,11836
18141002800,13091,14049,14357,N,-,-,10144,3268,9584,16920
18141002900,6655,8564,5916,-,-,-,12206,-,8051,8064
18141003000,11670,13297,10368,-,-,-,5085,N,6112,14445
18141003100,13489,16367,9373,-,-,-,13294,2197,12145,16483
18141003200,36634,39242,30736,-,42727,N,6502,18706,7062,39480
18141003300,18327,19510,19428,N,-,-,N,674,3560,20423
18141003400,12342,13951,9621,9824,N,-,6142,15971,13283,13770
18141003500,16137,20022,9924,-,-,-,-,2980,3917,21064
18141010100,16213,16152,36798,N,-,-,-,9070,N,16301
18141010200,21207,21295,9217,18589,-,-,18202,38410,11477,21812
18141010300,21817,21596,34001,-,13233,-,-,11215,9132,21663
18141010400,23070,23182,N,N,-,N,-,-,N,23451
18141010500,27342,28043,N,-,20222,-,-,-,15599,28064
18141010600,14688,14437,16558,N,10674,-,26316,18588,8206,14718
18141010700,18126,19798,12795,10283,20300,N,N,2387,23971,19798
18141010800,24793,24723,N,13510,-,-,45588,22789,23146,24752
18141010900,27629,28430,21859,-,20507,-,N,11333,20101,28680
18141011000,28562,30098,22541,N,21131,-,30450,10123,23466,30185
18141011100,19055,20545,11997,-,N,-,N,4575,14424,20370
18141011201,13042,13591,6645,N,3767,-,N,-,7706,14131
18141011202,5398,5934,2603,N,3195,N,2224,3542,3068,6106
18141011301,19338,20873,12399,40237,19018,-,7981,N,4926,21414
18141011302,28274,29626,22951,N,3892,-,29383,-,20652,30089
18141011303,24578,25737,20050,-,N,-,22713,2353,33168,25744
18141011304,43145,42910,70418,-,N,-,-,N,N,43176
18141011305,36357,37978,34360,-,38320,-,N,12780,28098,38237
18141011306,53278,52602,24286,-,174278,-,20612,-,20523,52723
18141011403,38250,39650,59960,N,21577,-,24429,31993,54592,39065
18141011404,41512,43668,33283,-,30344,-,N,N,38157,43492
18141011405,33419,34056,31160,-,13114,-,-,N,-,34056
18141011406,31480,32256,25080,-,17895,-,-,N,23867,32332
18141011501,20187,23124,17216,-,12924,-,N,3903,17913,23271
18141011503,39593,39625,N,-,-,-,-,-,N,39352
18141011504,21792,22642,11371,N,-,-,-,N,-,22642
18141011505,26773,30620,17248,19120,13493,-,N,26881,35794,30195
18141011506,22415,24349,20352,N,10283,-,N,N,17199,24662
18141011601,25206,25416,12453,35150,N,-,-,N,10726,25667
18141011602,24241,24695,N,20686,-,-,N,4488,7987,25448
18141011701,20796,20917,21675,7844,35032,-,-,-,N,21088
18141011702,28034,28908,21833,-,22072,-,N,16800,3537,29084
18141011801,37126,39242,29164,-,-,-,N,-,N,40394
18141011802,28910,30206,15175,-,22131,N,N,11685,7100,30371
18141011900,32219,32839,N,N,-,-,17782,-,17425,32991
18141012000,31965,31929,N,N,N,-,N,N,28525,31986
18141012100,23026,23692,7543,N,N,-,-,19326,8107,23792
18141012200,21215,21715,19364,-,-,-,11968,N,14699,21773
18141012300,25095,25774,2647,18295,-,-,22695,N,14334,25993
18141012400,24399,24251,-,N,N,-,-,-,N,24251
18143966700,19055,18937,-,-,-,-,-,N,18132,18943
18143966800,16350,16271,N,-,N,-,12713,N,14185,16247
18143966900,25189,25331,N,-,-,-,-,15655,N,25331
18143967000,17952,17505,-,-,N,-,-,19827,N,17680
18143967100,18820,19091,-,-,-,-,-,N,N,19081
18145710100,29558,29632,-,-,-,-,N,N,28949,29800
18145710200,33324,34162,N,-,-,-,31073,N,27672,34162
18145710300,33588,33849,41082,N,N,-,N,N,12336,33973
18145710400,22836,22463,-,-,N,-,26939,-,21054,22837
18145710500,25822,27172,N,N,N,-,11633,19875,15212,27339
18145710601,15091,16059,-,-,-,N,6708,N,6976,16086
18145710602,16411,16143,8697,N,N,-,6699,-,5024,16143
18145710700,23851,24073,N,-,37123,-,5707,N,7836,24211
18145710800,29904,29884,N,-,N,-,-,N,-,29946
18145710900,26177,25909,-,47922,N,-,-,-,9979,25953
18147952700,25156,25568,N,N,3811,-,8928,N,10872,25699
18147952800,25996,26134,N,-,-,-,-,-,-,26134
18147952900,18803,18793,-,-,N,-,N,-,44363,18302
18147953000,27472,27613,-,-,N,-,-,-,N,27884
18147953100,17283,17684,N,2426,-,-,N,16700,11130,17871
18149953600,18730,18730,-,-,-,-,-,-,N,18737
18149953700,17328,17463,N,-,-,-,13549,25154,9094,17900
18149953800,19474,19418,6362,-,N,-,26560,N,21111,19493
18149953900,19989,20052,-,N,-,-,N,N,30203,20078
18149954000,14018,14000,-,-,N,-,N,17081,4100,14060
18149954100,18724,18738,-,N,-,N,-,20644,12861,18922
18149954200,18808,19230,2563,N,-,-,6289,N,6819,19531
18151970800,22012,22629,-,N,N,-,N,15140,7340,22908
18151970900,33136,35752,-,N,10843,-,-,N,N,36083
18151971000,22534,22961,-,20823,-,-,N,13077,6069,23465
18151971100,33318,34036,-,-,N,-,-,22057,N,34146
18151971200,20445,20969,N,20556,-,-,N,12030,N,21098
18151971300,20432,20912,N,-,-,-,5494,16993,10527,21280
18151971400,18852,19663,872,-,N,-,28786,8837,24449,19557
18151971500,19900,20244,N,-,-,-,-,18494,5216,20859
18151971600,23945,24988,N,N,-,-,-,14585,22747,25036
18153050100,19993,19994,N,N,N,-,N,44629,6060,20167
18153050200,25026,25039,-,-,-,-,-,N,-,25039
18153050300,23735,23772,-,-,-,-,-,N,-,23772
18153050400,19979,19976,-,-,-,-,-,N,-,19976
18153050500,12078,14154,5126,4970,N,-,-,9446,2261,14519
18155965700,21264,21368,-,-,-,-,13173,N,14261,21358
18155965800,20288,20288,-,-,-,-,-,-,-,20288
18155965900,21920,22053,-,-,-,-,-,11018,4607,22287
18157000100,14583,14628,13240,-,29524,-,N,-,8482,14763
18157000200,18420,19813,-,-,-,-,N,N,8078,20327
18157000300,22472,22920,20978,-,N,-,14585,N,9849,23530
18157000400,14112,15120,9981,8263,-,-,9185,12578,10295,15321
18157000700,23254,23688,25309,-,N,-,-,6580,7567,25301
18157000800,21563,22653,N,-,-,-,7230,N,14318,23352
18157001000,27110,27501,N,-,N,-,N,-,N,27501
18157001100,23849,25918,4151,-,N,-,14907,11292,21060,26065
18157001200,20543,21000,20811,N,48938,-,8449,4546,6880,22931
18157001300,20811,22721,N,-,N,-,11527,368,12331,22893
18157001400,18880,19883,11957,N,-,-,9541,-,13386,20504
18157001501,17133,17714,13109,-,19177,-,5503,N,10330,18237
18157001502,23572,24637,9784,-,19681,-,-,17767,11856,25852
18157001600,27253,28032,26815,N,39693,-,11210,3909,13564,28295
18157001700,20058,23546,10354,N,15287,-,19028,16807,11329,25124
18157001800,16317,16721,16174,-,N,-,11980,N,8515,19702
18157001900,35557,37426,13468,-,-,-,20591,24831,16693,37931
18157005101,24390,28307,19224,N,19863,-,-,-,39026,27794
18157005102,35593,32494,17499,-,57881,-,N,7877,11534,33192
18157005200,36079,39926,17759,N,19335,N,-,N,37551,40148
18157005300,20508,21158,N,N,18879,-,-,16982,13521,21368
18157005400,6903,6655,4881,-,8822,-,5111,5359,1536,6834
18157005500,7406,7574,959,N,5970,N,N,12286,6219,7664
18157010100,27298,27443,N,-,-,-,N,N,11838,27745
18157010201,25893,26207,61810,N,N,-,7110,N,11461,26716
18157010203,26117,26876,13681,N,30513,-,34043,10787,15556,29141
18157010204,22701,25128,5212,-,11187,-,8150,13106,17829,25625
18157010300,4256,4560,1379,N,499,-,N,3721,6240,4511
18157010400,3438,3730,3959,-,1107,-,3970,2321,3162,3752
18157010500,9238,9225,14969,-,8571,N,6983,15080,14093,8833
18157010600,32693,32125,5162,-,90267,-,-,23213,18226,32443
18157010700,24558,26118,22873,-,3475,-,22484,10019,19000,26319
18157010800,35970,35594,70437,-,80688,-,-,22148,34638,35720
18157010901,28511,29468,N,2354,15048,-,23120,N,9309,31175
18157010902,26897,27526,N,-,-,-,-,N,5427,27549
18157011000,28569,28693,-,N,-,-,-,N,N,28640
18157011100,18714,20303,11674,N,8611,-,15006,12670,11127,20634
18159020100,21899,21899,-,-,-,-,-,-,675,21989
18159020200,26034,26069,-,-,-,-,25143,-,14030,26377
18159020300,25247,25282,-,-,-,-,-,N,N,25650
18159020400,22180,22344,-,N,-,-,N,N,17613,22429
18161960700,18556,18732,N,-,N,-,N,10601,N,18732
18161960800,20158,20129,-,N,-,-,-,N,-,20129
18163000100,16346,18352,-,-,N,-,N,N,8321,18138
18163000201,32330,32964,29585,-,10581,-,N,-,60107,32831
18163000202,20447,20677,19372,-,-,-,-,-,-,20677
18163000300,14226,14792,12920,11926,683,-,N,-,13938,14799
18163000400,26212,27646,18500,-,-,-,-,8679,-,27646
18163000500,32611,30115,147258,-,-,-,-,N,N,30240
18163000600,22283,24392,7344,-,-,-,-,N,N,25216
18163000800,15492,17585,12986,-,-,-,N,N,4003,17863
18163000900,18630,20081,11881,-,-,-,N,2166,10739,20937
18163001000,15052,17043,7216,N,-,-,N,23276,N,17043
18163001100,16432,17719,15590,-,-,-,-,N,-,17719
18163001200,15099,17430,11656,-,N,-,-,N,-,17430
18163001300,11161,12609,11109,-,-,-,-,N,-,12609
18163001400,11375,16968,6140,-,-,-,-,N,-,16968
18163001500,18712,28558,15221,-,-,-,-,-,-,28558
18163001700,23345,31870,10609,-,-,-,-,12191,8570,33021
18163001800,22932,23768,N,-,-,-,-,N,-,23768
18163001900,10602,11191,21865,-,-,-,-,N,N,11054
18163002000,13937,14191,1838,-,-,-,-,N,N,14236
18163002100,21511,23223,12769,N,-,-,9848,N,13016,23835
18163002300,16002,16763,6268,N,-,-,-,N,-,16763
18163002400,17931,18855,8387,-,-,-,-,3677,-,18855
18163002500,12231,13554,14147,-,-,-,N,2816,153,13809
18163002600,21532,22213,14764,-,-,-,12793,-,10280,22431
18163002800,18866,19023,N,-,-,-,-,N,-,19023
18163002900,22200,23865,2146,-,-,-,-,-,-,23865
18163003000,19648,19905,18957,N,N,-,-,N,N,19905
18163003100,18764,18997,-,N,-,-,-,N,-,18997
18163003200,19349,19735,N,-,-,-,10761,N,10761,19735
18163003300,19055,18835,10916,45638,N,-,-,22934,N,18840
18163003400,23835,23835,-,-,-,-,-,-,N,23883
18163003500,29039,28720,N,-,-,-,-,22435,N,28942
18163003600,16963,18849,10897,-,-,-,6666,10670,N,18849
18163003701,23991,25382,11761,-,N,-,-,-,2908,26578
18163003702,15671,18489,6282,-,-,-,N,N,9537,19810
18163003801,33314,35740,26474,-,38357,-,7851,N,5660,35740
18163003803,37190,37978,27785,N,64777,-,N,14676,N,38403
18163003804,25921,27622,16573,-,-,-,-,4961,11384,27790
18163003900,23658,23531,N,-,-,-,-,-,6165,24149
18163010100,20744,21727,16007,-,22264,-,-,5683,10223,22017
18163010201,35668,36425,34502,-,13566,-,N,N,24062,36416
18163010202,27133,27488,23063,N,N,-,-,-,-,27488
18163010203,27689,28171,N,-,24558,-,-,3055,N,28388
18163010403,18416,19453,2532,N,19767,-,N,11040,N,19453
18163010404,34501,35002,N,-,28208,-,-,6345,21780,35171
18163010500,29057,28744,N,-,N,-,-,-,-,28744
18163010600,27174,27174,-,-,-,-,-,-,N,27478
18163010700,34282,34283,27484,-,142731,N,13440,15352,10673,34377
18163980100,-,-,-,-,-,-,-,-,-,-
18165020100,21714,21689,-,51661,-,-,-,N,14713,21817
18165020200,24650,24785,N,N,-,-,-,20723,N,24821
18165020300,21457,21395,58085,N,-,-,N,1810,3361,21567
18165020400,24596,24911,-,-,-,-,-,N,35020,24886
18165020500,20484,20474,-,N,N,-,-,N,N,20474
18167000300,9492,11759,2502,N,N,-,-,N,N,11365
18167000400,10035,11597,5292,-,-,-,-,3850,2488,11713
18167000500,10710,9634,17935,-,-,-,-,7584,3852,9911
18167000600,12769,14358,7813,-,-,-,16375,N,17239,14191
18167000700,16256,17619,20181,-,-,-,N,1307,N,17619
18167000900,20929,21244,N,-,-,-,-,N,-,21244
18167001000,17121,17604,N,-,12270,-,N,N,23804,17564
18167001100,13578,13782,12547,-,-,N,N,-,10072,13936
18167001200,17032,16937,18032,-,-,-,-,N,-,16937
18167001300,16662,16319,32342,-,-,-,-,N,-,16319
18167001400,23682,24377,18836,-,22995,-,N,-,24681,24354
18167001500,20427,21491,23266,-,-,-,N,6838,N,21327
18167001600,33246,33847,20797,-,-,-,N,15099,-,33847
18167001700,20227,21127,15215,-,17811,-,-,7472,N,21138
18167001800,15855,16965,4885,N,-,-,10080,-,7660,17279
18167001900,10710,11235,6774,-,-,-,-,N,N,11381
18167010100,24961,25938,12584,N,1468,-,N,11723,17669,25993
18167010201,22258,23140,7122,-,-,-,N,N,N,23438
18167010202,21057,21384,N,-,-,-,-,6254,-,21384
18167010300,18518,18860,11088,-,N,-,N,N,18181,18812
18167010400,22187,22339,-,-,27742,-,N,N,4542,22486
18167010500,16084,16564,N,N,-,-,N,N,27090,16336
18167010600,29504,29777,36869,N,N,-,-,20246,18119,29831
18167010701,29684,26121,22117,-,69334,-,N,N,13659,26286
18167010702,31548,31963,19464,N,N,-,-,N,N,31905
18167011000,24166,24941,-,-,1099,-,-,N,32678,24642
18167011100,9407,9709,8579,N,6025,N,33030,5414,21655,9671
18167011200,16922,20125,5440,8974,37337,N,2545,5096,6222,20855
18169102200,16725,17734,4015,N,12690,-,8356,2106,6903,17994
18169102300,21160,21478,-,10057,-,-,-,3096,8866,21639
18169102400,20963,21200,N,N,30259,-,-,-,-,21200
18169102500,27298,27423,-,N,-,-,-,-,N,27214
18169102600,17984,17781,-,25428,-,-,N,N,9913,18257
18169102700,19916,20064,N,17077,-,-,-,-,-,20064
18169102800,17297,17404,8298,N,-,-,-,-,N,17275
18169102900,22947,22973,N,-,-,-,N,13222,30400,22976
18171951000,22280,22409,-,-,-,-,-,7488,N,22382
18171951100,25496,26100,-,N,7912,-,N,-,N,26100
18173030100,19667,19824,-,N,N,-,-,N,-,19824
18173030200,22823,23145,-,N,N,-,-,-,-,23196
18173030300,28006,28260,N,-,-,-,-,8874,-,28260
18173030400,18538,18499,-,-,-,-,-,N,N,18598
18173030500,31196,30361,8825,-,187633,-,15831,4572,N,30361
18173030600,21646,21910,-,N,-,-,-,N,N,21950
18173030702,32622,33699,34915,-,10283,-,N,N,25301,33899
18173030703,28214,28261,31946,-,30905,-,35870,18707,25399,28358
18173030704,28493,29409,N,-,N,-,20778,N,29484,29557
18173030705,41254,42960,42894,N,28386,-,N,N,24042,43853
18173030800,36181,35046,N,-,88477,-,N,N,15911,35087
18175967200,18593,18811,-,-,-,-,-,17142,11882,18903
18175967300,18769,19134,N,-,17287,-,-,2686,-,19134
18175967400,19741,19503,-,-,N,-,-,N,9689,19726
18175967500,20502,20502,-,-,-,-,-,-,N,20586
18175967600,19597,19431,-,-,-,-,48529,N,N,19442
18175967700,18978,19264,N,-,N,-,2942,N,9480,19314
18177000200,14756,16469,8681,N,-,-,8004,6785,4380,17165
18177000400,32391,34546,12548,-,12862,-,-,6738,8919,34708
18177000500,16839,17351,16282,20022,-,-,17068,4887,17068,17351
18177000600,18501,19294,9600,-,N,-,-,5714,-,19363
18177000700,23237,23858,18830,N,-,-,N,9318,34594,23904
18177000800,16942,17500,24654,-,20268,-,-,3435,N,17857
18177000900,15007,16158,13600,-,N,-,-,3876,N,16196
18177001000,16420,17390,16946,N,N,-,8911,7249,5590,18210
18177001100,33708,33957,11703,-,52090,-,48775,N,N,34210
18177010100,19934,19927,-,-,-,-,-,N,1849,20987
18177010200,28339,28260,39027,-,-,-,-,4883,-,28260
18177010300,22853,22955,N,-,-,-,-,N,-,22955
18177010400,22680,22817,-,-,-,-,-,11770,N,22834
18177010500,23273,23426,-,-,N,-,-,-,N,23018
18177010600,20845,20839,-,-,-,-,-,22871,N,20984
18177010700,24778,24903,N,N,-,-,-,-,-,24903
18177010800,19645,19728,22344,-,N,-,-,4687,7721,19947
18179040100,22968,23055,N,-,-,-,15080,-,11149,23443
18179040200,26220,26227,-,-,-,-,N,9518,N,26352
18179040300,30064,30179,-,N,N,-,25319,13855,19879,30327
18179040400,19033,19492,N,N,-,-,N,8818,N,19492
18179040500,22701,22703,N,-,-,-,-,-,N,22733
18179040600,18319,18349,N,-,-,-,N,16717,14005,18664
18179040700,21817,21849,N,11758,N,-,-,-,25969,21814
18181958100,17292,17670,-,3008,-,-,-,N,N,17750
18181958200,22666,23177,-,N,-,-,12477,2655,8476,26400
18181958300,23997,24563,-,N,N,-,-,3505,19498,24646
18181958400,30214,30361,-,-,-,-,N,26216,14300,31231
18181958500,24724,24719,N,-,N,-,-,N,N,24708
18181958600,18535,18771,-,-,N,-,2812,8771,11811,19978
18181958700,22946,22969,N,N,-,-,-,26713,-,22969
18181958800,23023,23476,N,N,N,-,N,N,7433,23511
18183050100,23856,23860,-,N,29966,-,-,-,14114,23972
18183050200,28597,28657,N,-,-,-,N,N,N,28673
18183050300,21334,21347,N,-,N,-,N,17287,27933,21373
18183050400,22886,23266,N,-,78808,-,9198,15326,7035,23420
18183050500,22235,22440,N,-,N,-,-,6117,19737,22488
18183050600,28333,28759,-,-,N,-,N,-,-,28759
18183050700,29342,29300,-,-,-,-,-,N,41230,29189
